miRNA,control_mean,ad_mean,log_fold_change,p_value,adj_p_value,significant
hsa-miR-3928-3p,10.588034996357141,10.493035843333335,-0.013002729866189888,0.0018373939965004027,0.9942197945780916,False
hsa-miR-212-5p,561.3939145142857,402.7659306020001,-0.4790717722020119,0.00669487237805233,0.9942197945780916,False
hsa-miR-3605-5p,20.7131612835,15.6607200234,-0.40339721325717637,0.01164959316007641,0.9942197945780916,False
hsa-miR-1307-3p,2551.6149888571426,2235.1293569333334,-0.19105232938492733,0.017046894509401556,0.9942197945780916,False
hsa-miR-212-3p,87.84316220357142,51.93641042066667,-0.758183684079679,0.021367541203598628,0.9942197945780916,False
hsa-miR-132-3p,1222.204089442857,895.6683092119999,-0.4484487469845515,0.021367541203598628,0.9942197945780916,False
hsa-miR-3177-3p,31.960579321428575,25.646809748666666,-0.3175141813281366,0.026248485664288612,0.9942197945780916,False
hsa-miR-451a,2086.8759613428574,4110.2004716,0.977863908988196,0.031129430124978597,0.9942197945780916,False
hsa-miR-144-3p,59.46539401785713,104.28686698266668,0.8104352493028895,0.03864847761877588,0.9942197945780916,False
hsa-miR-146b-5p,26952.887705714285,24477.536975333333,-0.13898145441175558,0.044095547685393255,0.9942197945780916,False
hsa-miR-455-3p,13.912650260357141,12.193419349266666,-0.19029451755245708,0.044095547685393255,0.9942197945780916,False
hsa-miR-129-2-3p,191.12637939928572,154.76886118133334,-0.30441167711785067,0.051091868926217865,0.9942197945780916,False
hsa-miR-99a-3p,27.82169120664286,33.310252725333335,0.2597561796586163,0.051091868926217865,0.9942197945780916,False
hsa-miR-132-5p,1350.8931250857142,956.6099583466665,-0.49791082639689854,0.051091868926217865,0.9942197945780916,False
hsa-miR-6511b-5p,15.803565631357143,13.705914566599999,-0.20545149944746344,0.051091868926217865,0.9942197945780916,False
hsa-miR-2-378d,182.3944030142857,200.2539453666667,0.13476920723209673,0.051091868926217865,0.9942197945780916,False
hsa-miR-4742-3p,14.66795893292857,10.277357060933333,-0.5131988251215276,0.051091868926217865,0.9942197945780916,False
hsa-miR-629-5p,238.18743872142858,290.2837455266667,0.28536645846866815,0.051091868926217865,0.9942197945780916,False
hsa-miR-378d,181.52446356428572,198.58868824666666,0.12961945880972525,0.051091868926217865,0.9942197945780916,False
hsa-miR-6511b-1-5p,15.803565631357143,13.705914566599999,-0.20545149944746344,0.051091868926217865,0.9942197945780916,False
hsa-let-7b-3p,86.46670627357142,80.38134962666668,-0.10528393371924416,0.07023224713752518,0.9942197945780916,False
hsa-miR-125a-3p,62.8308971892857,71.06585353066666,0.17768234393947857,0.07023224713752518,0.9942197945780916,False
hsa-miR-1273h-3p,30.425830333571433,34.876416189333334,0.19695516488158038,0.08069577182512977,0.9942197945780916,False
hsa-miR-203b-3p,15.783096062714284,10.1701258804,-0.6340427005795011,0.08069577182512977,0.9942197945780916,False
hsa-miR-6882-5p,10.433856720642856,11.617189769933333,0.1549885917598388,0.08069577182512977,0.9942197945780916,False
hsa-miR-1306-5p,17.93010570642857,13.690965211466665,-0.38915983358391015,0.08069577182512977,0.9942197945780916,False
hsa-miR-548p,18.393265149928574,21.328503421999997,0.21360513029014783,0.09081434514940678,0.9942197945780916,False
hsa-miR-421,326.67350203571425,293.43082924666675,-0.15482898058900219,0.09081434514940678,0.9942197945780916,False
hsa-miR-30c-2-3p,379.14608814285714,388.9741467933333,0.036920431602002424,0.09081434514940678,0.9942197945780916,False
hsa-miR-3607-3p,14.411701734571428,17.16535119386667,0.25225867527814483,0.09983615003643675,0.9942197945780916,False
hsa-miR-154-5p,32.63435397571428,27.956352752,-0.22321532444768977,0.11067550590030095,0.9942197945780916,False
hsa-miR-548ah-3p,18.60483775064286,21.444820391333334,0.20495142385370446,0.11067550590030095,0.9942197945780916,False
hsa-miR-642a-3p,23.460011263714286,34.080238872933336,0.5387317416017892,0.11909321397092976,0.9942197945780916,False
hsa-miR-425-5p,663.0256869857142,617.5940533866666,-0.1024059029797364,0.11909321397092976,0.9942197945780916,False
hsa-miR-191-5p,18270.910625,17608.614742,-0.05326712212566953,0.11909321397092976,0.9942197945780916,False
hsa-miR-301a-5p,45.40497458714285,55.90409525133334,0.30010360306302,0.11909321397092976,0.9942197945780916,False
hsa-miR-5002-5p,7.820005172357142,10.7075430186,0.4533860065268147,0.1325665082835259,0.9942197945780916,False
hsa-miR-6511a-5p,16.0958379465,13.973293006466665,-0.20401563267322054,0.1325665082835259,0.9942197945780916,False
hsa-miR-181b-3p,14.438537629928573,20.6601577358,0.5169266389318223,0.1325665082835259,0.9942197945780916,False
hsa-miR-19b-3p,117.39853611857143,135.31239093066668,0.2048795378317836,0.1325665082835259,0.9942197945780916,False
hsa-miR-19b-1-3p,117.30928166857143,135.06567015733333,0.20334386344877498,0.1325665082835259,0.9942197945780916,False
hsa-miR-885-5p,238.44714230714288,223.91956899933334,-0.0906888775925978,0.1325665082835259,0.9942197945780916,False
hsa-miR-184,494.6393165714285,584.5264814933333,0.24089146897122404,0.1325665082835259,0.9942197945780916,False
hsa-miR-6511a-3-5p,16.0958379465,13.973293006466665,-0.20401563267322054,0.1325665082835259,0.9942197945780916,False
hsa-miR-889-5p,13.68818262692857,16.751286946466664,0.2913410239383558,0.1325665082835259,0.9942197945780916,False
hsa-miR-6511a-4-5p,16.0958379465,13.973293006466665,-0.20401563267322054,0.1325665082835259,0.9942197945780916,False
hsa-miR-6511a-2-5p,16.0958379465,13.973293006466665,-0.20401563267322054,0.1325665082835259,0.9942197945780916,False
hsa-miR-1264,18.599882364571425,14.688600779133333,-0.3405965241936335,0.14874587989802857,0.9942197945780916,False
hsa-miR-487b-5p,41.46767882142857,36.292827528,-0.19230283404031123,0.14874587989802857,0.9942197945780916,False
hsa-miR-1271-5p,213.78882530000004,214.18163727333334,0.0026483512047192903,0.14874587989802857,0.9942197945780916,False
hsa-miR-200b-3p,127.96676799071429,140.88689118266666,0.13876818057780138,0.14874587989802857,0.9942197945780916,False
hsa-miR-1229-3p,14.745026194928572,12.158784519866666,-0.27822937163978256,0.14874587989802857,0.9942197945780916,False
hsa-miR-26b-3p,12.588700543142854,15.539053521999998,0.30376926250638503,0.14874587989802857,0.9942197945780916,False
hsa-miR-423-5p,6421.105042714286,8229.700593466665,0.3580183446877978,0.14874587989802857,0.9942197945780916,False
hsa-miR-365a-3p,109.410007985,95.79987979466667,-0.19164895995201636,0.16629567053418604,0.9942197945780916,False
hsa-miR-543,6507.5479074999985,6268.9640562,-0.0538869696071842,0.16629567053418604,0.9942197945780916,False
hsa-miR-758-5p,24.17446297435714,17.147278377799996,-0.4955042316956879,0.16629567053418604,0.9942197945780916,False
hsa-miR-3173-5p,12.697210174357147,10.409640145000001,-0.2865913470737915,0.16629567053418604,0.9942197945780916,False
hsa-miR-365b-3p,109.410007985,95.79987979466667,-0.19164895995201636,0.16629567053418604,0.9942197945780916,False
hsa-miR-3149,10.810535358071428,14.968002128533332,0.46944369903337124,0.16629567053418604,0.9942197945780916,False
hsa-miR-508-3p,23.026544139000002,28.315271016666664,0.2982824331256779,0.16629567053418604,0.9942197945780916,False
hsa-miR-4326,27.597626471428576,40.335810001999995,0.5475170340186608,0.16629567053418604,0.9942197945780916,False
hsa-miR-1249-3p,211.1676978214286,185.00401355333335,-0.1908325939963973,0.16629567053418604,0.9942197945780916,False
hsa-miR-193b-5p,29.408275064999998,34.648332636,0.2365637621662211,0.16629567053418604,0.9942197945780916,False
hsa-miR-340-5p,13373.517836714285,13126.413012333333,-0.02690627683770863,0.16629567053418604,0.9942197945780916,False
hsa-miR-30a-5p,23245.822010000004,25437.319571333333,0.12997521348209062,0.1844161768444984,0.9942197945780916,False
hsa-miR-376c-3p,28.563014088071423,31.490467829333333,0.14076696404565858,0.1844161768444984,0.9942197945780916,False
hsa-miR-501-3p,111.25336875642857,121.97456959,0.13273137085098163,0.1844161768444984,0.9942197945780916,False
hsa-miR-486-5p,1071.9260022714286,1646.0356546333335,0.6187902697962357,0.1844161768444984,0.9942197945780916,False
hsa-miR-450a-5p,165.17120152857143,188.2793912766667,0.18891292660836445,0.1844161768444984,0.9942197945780916,False
hsa-miR-887-3p,10.489770179071428,16.295325534733333,0.6354751031705148,0.1844161768444984,0.9942197945780916,False
hsa-miR-574-3p,155.80817453928572,166.76685900533332,0.09806168855869846,0.1844161768444984,0.9942197945780916,False
hsa-miR-182-5p,198.6849009,303.18061954666666,0.609695295079721,0.1844161768444984,0.9942197945780916,False
hsa-miR-450a-1-5p,165.02721475714287,188.1713685433334,0.18934316967348597,0.1844161768444984,0.9942197945780916,False
hsa-miR-374b-3p,83.60118022785716,84.80343571066666,0.02059940555837514,0.1844161768444984,0.9942197945780916,False
hsa-miR-486-2-5p,1080.8390994285714,1660.8008857933332,0.6197273479622201,0.1844161768444984,0.9942197945780916,False
hsa-miR-134-3p,12.844313496499998,10.572844049,-0.28076627545561417,0.1844161768444984,0.9942197945780916,False
hsa-miR-625-5p,34.42305866321429,36.37066370533333,0.07939995902739305,0.20253668315481044,0.9942197945780916,False
hsa-miR-144-5p,61.78456941221428,99.759039308,0.6912009993402357,0.20253668315481044,0.9942197945780916,False
hsa-miR-99b-3p,1635.4037422857143,1690.9566997333334,0.04819287039535958,0.20253668315481044,0.9942197945780916,False
hsa-miR-6511a-3p,17.79520628592857,15.026511020866668,-0.2439785856654737,0.22008647379096824,0.9942197945780916,False
hsa-miR-6511a-2-3p,17.79520628592857,15.026511020866668,-0.2439785856654737,0.22008647379096824,0.9942197945780916,False
hsa-miR-379-3p,220.20230400785712,204.86561874133335,-0.10415167752553689,0.22008647379096824,0.9942197945780916,False
hsa-miR-2681-5p,10.249687781,7.4546212752,-0.4593729992459181,0.22008647379096824,0.9942197945780916,False
hsa-miR-6511a-4-3p,17.79520628592857,15.026511020866668,-0.2439785856654737,0.22008647379096824,0.9942197945780916,False
hsa-miR-135a-5p,1107.46426235,947.82273442,-0.2245709731553287,0.22008647379096824,0.9942197945780916,False
hsa-miR-200a-3p,118.641141365,147.53904711266668,0.31449244093856166,0.22008647379096824,0.9942197945780916,False
hsa-miR-2682-5p,519.3090914071428,557.2450044933333,0.10171829575834579,0.22008647379096824,0.9942197945780916,False
hsa-miR-135a-2-5p,1107.5520242357143,947.7547075666665,-0.22478884453909842,0.22008647379096824,0.9942197945780916,False
hsa-miR-363-3p,2883.5137494285714,3084.4179582000006,0.0971703712304226,0.22008647379096824,0.9942197945780916,False
hsa-miR-1246,64.44740088,67.00262276706667,0.056095393036684094,0.22008647379096824,0.9942197945780916,False
hsa-miR-6511a-3-3p,17.79520628592857,15.026511020866668,-0.2439785856654737,0.22008647379096824,0.9942197945780916,False
hsa-miR-1255a,22.937375563714284,32.13276236466667,0.4863446793491475,0.22008647379096824,0.9942197945780916,False
hsa-miR-204-5p,3605.236871857142,4223.280603013333,0.22827005503707554,0.22008647379096824,0.9942197945780916,False
hsa-miR-22-3p,12474.249657785713,13143.648197266668,0.07541273255491276,0.23625644608036533,0.9942197945780916,False
hsa-miR-598-5p,12.656614367357145,15.057355888666667,0.2505769144198835,0.23625644608036533,0.9942197945780916,False
hsa-miR-301a-3p,8.943486834642858,7.9918792882,-0.1623026182511138,0.23625644608036533,0.9942197945780916,False
hsa-miR-942-5p,12.419975217285714,13.988380051066667,0.17156660352193498,0.23625644608036533,0.9942197945780916,False
hsa-miR-584-5p,2349.6893674428575,2387.872041146667,0.023255486114944546,0.23625644608036533,0.9942197945780916,False
hsa-miR-766-3p,21.41305556857143,24.26853749253333,0.1805964912500011,0.23625644608036533,0.9942197945780916,False
hsa-miR-625-3p,204.44460515357144,237.06978089333336,0.21360178149124032,0.23625644608036533,0.9942197945780916,False
hsa-miR-376a-5p,19.411043912857142,16.37033698466666,-0.24579368719681494,0.23625644608036533,0.9942197945780916,False
hsa-miR-31-5p,99.64545107571426,87.66705191933333,-0.18476921233651744,0.23625644608036533,0.9942197945780916,False
hsa-miR-450b-5p,40.94351030228571,43.673673443666665,0.09312908549538257,0.24964123975164143,0.9942197945780916,False
hsa-miR-30e-5p,6647.8736147142845,7004.666979133334,0.07542350791340624,0.24964123975164143,0.9942197945780916,False
hsa-miR-542-3p,94.74148968142858,106.61272600733332,0.17031139646263682,0.24964123975164143,0.9942197945780916,False
hsa-miR-378c,85.30978956714286,90.81699644866667,0.09025101907599531,0.24964123975164143,0.9942197945780916,False
hsa-miR-655-3p,24.30520299235714,20.58901850873333,-0.23939012584385821,0.24964123975164143,0.9942197945780916,False
hsa-miR-30b-5p,951.656564757143,893.0850245333332,-0.09164349447493336,0.2579025889532014,0.9942197945780916,False
hsa-miR-424-3p,83.41056436142858,92.15030965400001,0.14375889405233533,0.2579025889532014,0.9942197945780916,False
hsa-miR-582-5p,18.32671655335714,15.08894563906667,-0.28045633418224325,0.2579025889532014,0.9942197945780916,False
hsa-miR-320a,5905.427721071428,7043.6648364,0.2542847064458318,0.2579025889532014,0.9942197945780916,False
hsa-miR-6511b-1-3p,18.229337500499998,14.705195628399997,-0.30993615416769815,0.2579025889532014,0.9942197945780916,False
hsa-miR-3065-3p,9.019891831785715,10.506788883533334,0.22013977822935837,0.27447653882037304,0.9942197945780916,False
hsa-miR-433-3p,3226.439070714285,2786.628700200001,-0.2114219956474681,0.27447653882037304,0.9942197945780916,False
hsa-miR-140-5p,2423.050289214286,2552.6519672,0.07517250419559751,0.27447653882037304,0.9942197945780916,False
hsa-miR-103a-1-3p,17482.937102857144,15497.704692,-0.17389301637476784,0.27447653882037304,0.9942197945780916,False
hsa-miR-483-5p,9.365011585142858,17.405629348266668,0.8942012953088256,0.27447653882037304,0.9942197945780916,False
hsa-miR-1307-5p,186.03139366428567,190.98982141066665,0.03794965010098128,0.27447653882037304,0.9942197945780916,False
hsa-miR-342-3p,1211.951486257143,1126.5412024733334,-0.1054318695660239,0.27447653882037304,0.9942197945780916,False
hsa-miR-103a-3p,17483.490305714284,15498.322774666669,-0.17388112933455524,0.27447653882037304,0.9942197945780916,False
hsa-miR-142-5p,245.17496357142855,357.74734166,0.5451293831816173,0.27447653882037304,0.9942197945780916,False
hsa-miR-668-3p,134.01877547142857,128.57469653866667,-0.059828381746627635,0.27447653882037304,0.9942197945780916,False
hsa-miR-192-5p,1234.8839190285714,1401.9375760533333,0.18304667937826302,0.27447653882037304,0.9942197945780916,False
hsa-miR-129-1-5p,44830.00502857143,38750.29583599999,-0.21025733664784063,0.27447653882037304,0.9942197945780916,False
hsa-miR-129-5p,44830.34180928571,38750.23655533333,-0.21027038175626167,0.27447653882037304,0.9942197945780916,False
hsa-miR-4798-5p,9.089044342714285,10.999637321133331,0.27525543917930584,0.2969801219101491,0.9942197945780916,False
hsa-miR-874-3p,2347.9267445714286,2308.6051457999997,-0.024365955328818245,0.2969801219101491,0.9942197945780916,False
hsa-miR-92b-3p,5451.200404707143,5881.783342333334,0.1096796833426037,0.2969801219101491,0.9942197945780916,False
hsa-miR-191-3p,29.805692102142853,27.851132176666667,-0.0978518979842109,0.2969801219101491,0.9942197945780916,False
hsa-miR-516a-2-5p,29.403543370000005,37.175044612,0.3383444513737759,0.2969801219101491,0.9942197945780916,False
hsa-miR-127-3p,2846.8905472857145,3009.1671976,0.07997724129506167,0.2969801219101491,0.9942197945780916,False
hsa-miR-1291,66.21915408071429,79.65195102133333,0.2664611189487349,0.2969801219101491,0.9942197945780916,False
hsa-miR-1252-5p,26.730514212142854,29.529568601333334,0.14367268941186317,0.2969801219101491,0.9942197945780916,False
hsa-miR-194-5p,300.1625055714286,332.11954598,0.14595885543290876,0.2969801219101491,0.9942197945780916,False
hsa-miR-6733-5p,16.352339188285715,15.287905130000002,-0.09710629606439358,0.2969801219101491,0.9942197945780916,False
hsa-miR-541-3p,30.987967784500004,28.781341662666662,-0.10657429904266635,0.2969801219101491,0.9942197945780916,False
hsa-miR-106b-5p,133.74799026714282,141.366595916,0.07992404682088505,0.2969801219101491,0.9942197945780916,False
hsa-miR-345-5p,155.91261774,176.93462092666667,0.18247868125519862,0.2969801219101491,0.9942197945780916,False
hsa-miR-152-3p,1812.9228003571427,2156.3027692000005,0.2502422708034242,0.2969801219101491,0.9942197945780916,False
hsa-miR-125b-1-3p,1178.7573075,1269.6368843266669,0.10714923108413288,0.2969801219101491,0.9942197945780916,False
hsa-miR-708-5p,760.3717419500001,691.5360217599999,-0.13690051484871368,0.2969801219101491,0.9942197945780916,False
hsa-miR-769-5p,7526.844209357143,7440.9836952666665,-0.016551753184163687,0.2969801219101491,0.9942197945780916,False
hsa-miR-146b-3p,51.22319105714286,45.31204461933333,-0.1769025403032396,0.2969801219101491,0.9942197945780916,False
hsa-miR-511-5p,33.911815005,40.83887471799999,0.2681551131057933,0.2969801219101491,0.9942197945780916,False
hsa-miR-516a-5p,29.403543370000005,37.175044612,0.3383444513737759,0.2969801219101491,0.9942197945780916,False
hsa-miR-4536-1-5p,12.413155296857143,11.258766786533334,-0.14082106791410842,0.3215627738246458,0.9942197945780916,False
hsa-miR-374b-5p,960.3773278928572,865.5802678599999,-0.14993373430504775,0.3215627738246458,0.9942197945780916,False
hsa-miR-223-5p,47.62125820071429,44.29599818733333,-0.1044293705974173,0.3215627738246458,0.9942197945780916,False
hsa-miR-183-5p,152.43842514214285,180.78967508600002,0.24608567896580613,0.3215627738246458,0.9942197945780916,False
hsa-miR-641,18.919085179357143,20.441683446666666,0.11167168259081262,0.3215627738246458,0.9942197945780916,False
hsa-miR-488-5p,65.15774479785715,61.37118506466666,-0.08637522911998996,0.3215627738246458,0.9942197945780916,False
hsa-miR-493-5p,122.52664874714287,118.731844886,-0.045388630215168924,0.3215627738246458,0.9942197945780916,False
hsa-miR-1197,45.2212371445,40.60544802566667,-0.1553271547712045,0.3215627738246458,0.9942197945780916,False
hsa-miR-15b-5p,52.386473891499996,53.35479634466666,0.026423610200597025,0.3215627738246458,0.9942197945780916,False
hsa-miR-340-3p,1006.6848905214285,962.5456156733333,-0.06468534824222694,0.3215627738246458,0.9942197945780916,False
hsa-miR-302a-5p,16.332671357214284,19.752092937266664,0.2742447536396462,0.3215627738246458,0.9942197945780916,False
hsa-miR-4536-5p,12.413155296857143,11.258766786533334,-0.14082106791410842,0.3215627738246458,0.9942197945780916,False
hsa-miR-548k,19.56525924285714,23.6661027578,0.27452792188826436,0.3215627738246458,0.9942197945780916,False
hsa-miR-4787-3p,23.82336177564286,22.234310330733333,-0.09958935444604489,0.3215627738246458,0.9942197945780916,False
hsa-miR-138-2-3p,156.5490414,160.21878795733335,0.033428659991504794,0.3215627738246458,0.9942197945780916,False
hsa-miR-935,287.4493679785715,252.3585300666667,-0.18783300612430853,0.34694675366135286,0.9942197945780916,False
hsa-miR-744-5p,15374.569771428572,14731.379469999998,-0.06165350691815874,0.34694675366135286,0.9942197945780916,False
hsa-miR-6859-1-5p,12.198973023857144,13.208270497066666,0.11468187219672688,0.34694675366135286,0.9942197945780916,False
hsa-miR-181c-5p,507.62519370000007,547.3700504399999,0.1087528266014175,0.34694675366135286,0.9942197945780916,False
hsa-miR-92b-5p,177.87793996428573,220.18119999333337,0.3078036889328839,0.34694675366135286,0.9942197945780916,False
hsa-miR-194-1-5p,272.84506349285715,299.6177777933334,0.13504128683327465,0.34694675366135286,0.9942197945780916,False
hsa-miR-6859-2-5p,12.198973023857144,13.208270497066666,0.11468187219672688,0.34694675366135286,0.9942197945780916,False
hsa-miR-30e-3p,6368.518945642857,6707.699756999999,0.0748602137150165,0.34694675366135286,0.9942197945780916,False
hsa-miR-6511b-3p,17.504010883142858,14.33372319773333,-0.2882721406041351,0.34694675366135286,0.9942197945780916,False
hsa-miR-497-5p,235.11630632857148,233.59495802,-0.009365464562090864,0.34694675366135286,0.9942197945780916,False
hsa-miR-6859-5p,12.198973023857144,13.208270497066666,0.11468187219672688,0.34694675366135286,0.9942197945780916,False
hsa-miR-6859-4-5p,12.198973023857144,13.208270497066666,0.11468187219672688,0.34694675366135286,0.9942197945780916,False
hsa-miR-26a-5p,359263.9064357143,379943.18689333333,0.08073970592973012,0.3726530697499547,0.9942197945780916,False
hsa-miR-24-1-3p,23049.358494999997,22952.679634666667,-0.006064006004194766,0.3726530697499547,0.9942197945780916,False
hsa-miR-425-3p,186.66023376428575,178.32907420000004,-0.06587267296000832,0.3726530697499547,0.9942197945780916,False
hsa-miR-452-5p,25.84467625,27.691773703333336,0.09959033353218949,0.3726530697499547,0.9942197945780916,False
hsa-miR-24-3p,23044.72613642857,22946.545079999996,-0.006159670504633397,0.3726530697499547,0.9942197945780916,False
hsa-miR-26a-2-5p,359269.5541,379948.7957733333,0.08073832430818229,0.3726530697499547,0.9942197945780916,False
hsa-miR-219a-5p,302.7517112685714,359.4114120413334,0.24750110346160703,0.3726530697499547,0.9942197945780916,False
hsa-miR-485-3p,641.8422038714285,593.5897258866667,-0.11275253473970714,0.3726530697499547,0.9942197945780916,False
hsa-miR-361-5p,995.7897071071429,978.3129863333332,-0.025545010616932373,0.3726530697499547,0.9942197945780916,False
hsa-miR-484,901.3528438642855,857.0355790666667,-0.07273687667954398,0.3726530697499547,0.9942197945780916,False
hsa-miR-331-3p,98.86288090642859,112.38851524533334,0.18499376405725254,0.3726530697499547,0.9942197945780916,False
hsa-miR-1258,14.773550173714286,12.7514849952,-0.21235128783737434,0.3984399699015301,0.9942197945780916,False
hsa-miR-23b-3p,6612.1216941428565,6748.421629399999,0.02943683621588633,0.3984399699015301,0.9942197945780916,False
hsa-miR-1285-3p,13.873537583714283,13.511531730266665,-0.03814446972292629,0.3984399699015301,0.9942197945780916,False
hsa-miR-28-5p,806.7670931357143,870.0087183133334,0.10887761850346145,0.3984399699015301,0.9942197945780916,False
hsa-miR-26b-5p,11636.183421357144,12928.048895466667,0.15188661670571157,0.3984399699015301,0.9942197945780916,False
hsa-miR-592,147.94321599071426,151.29043791400002,0.03227726449789259,0.3984399699015301,0.9942197945780916,False
hsa-miR-181a-5p,82152.2216,90511.11752066665,0.13979542019298918,0.3984399699015301,0.9942197945780916,False
hsa-miR-30b-3p,67.37714497357142,71.483418694,0.08534933564221969,0.3984399699015301,0.9942197945780916,False
hsa-miR-6868-3p,21.632550069642853,16.7422217156,-0.36971275367240697,0.3984399699015301,0.9942197945780916,False
hsa-miR-181a-3p,746.5815615857142,775.9916005399999,0.05574115786117417,0.3984399699015301,0.9942197945780916,False
hsa-miR-34c-5p,708.745443,1017.1104650066666,0.521136914902872,0.3984399699015301,0.9942197945780916,False
hsa-miR-181a-1-5p,82152.2216,90511.11752066665,0.13979542019298918,0.3984399699015301,0.9942197945780916,False
hsa-miR-1285-2-3p,13.157449285428571,13.052246921600004,-0.011581648446798543,0.3984399699015301,0.9942197945780916,False
hsa-miR-199b-5p,44.70581296785714,35.51079114866666,-0.33220493040650556,0.3984399699015301,0.9942197945780916,False
hsa-miR-26a-2-3p,14.808611172357145,16.059760966333332,0.11701407630793259,0.3984399699015301,0.9942197945780916,False
hsa-miR-181b-5p,23588.68341785714,26018.373804133334,0.14143589576188198,0.3984399699015301,0.9942197945780916,False
hsa-miR-106a-5p,41.49244562,36.088198141333336,-0.20132158181056692,0.3984399699015301,0.9942197945780916,False
hsa-miR-181b-1-5p,23583.130241428564,26012.129093599997,0.14142926559411428,0.3984399699015301,0.9942197945780916,False
hsa-miR-338-5p,10563.632198214287,10919.380438866667,0.04778502454646549,0.42414628599013193,0.9942197945780916,False
hsa-miR-29c-5p,320.33791600714295,297.42474622,-0.1070698823133327,0.42414628599013193,0.9942197945780916,False
hsa-miR-3615,323.94127943071436,388.84458242666665,0.26346131792413807,0.42414628599013193,0.9942197945780916,False
hsa-miR-339-3p,431.4235447142857,449.0265765266667,0.0576959232808143,0.42414628599013193,0.9942197945780916,False
hsa-miR-708-3p,1015.2034914142857,1004.55075256,-0.015218481232023962,0.42414628599013193,0.9942197945780916,False
hsa-miR-2277-5p,38.11656507714286,36.50224200333332,-0.06243303635092001,0.42414628599013193,0.9942197945780916,False
hsa-miR-27a-3p,6523.469959500001,6895.8894216,0.08009707446369774,0.42414628599013193,0.9942197945780916,False
hsa-miR-488-3p,248.31706677857142,244.14734011333329,-0.02443136056096229,0.42414628599013193,0.9942197945780916,False
hsa-miR-618,44.61806247714285,42.24631714666667,-0.07880228755375374,0.42414628599013193,0.9942197945780916,False
hsa-miR-369-3p,146.85883542642858,133.69436556533336,-0.13549139916194264,0.42414628599013193,0.9942197945780916,False
hsa-miR-181a-2-3p,609.6170702357143,584.1751018,-0.0615024309327179,0.42414628599013193,0.9942197945780916,False
hsa-miR-4443,142.97831486,262.58011613266666,0.8769613184679024,0.4494577401701625,0.9942197945780916,False
hsa-miR-3913-1-5p,9.667541498285715,10.316929803333334,0.09379274833942919,0.4494577401701625,0.9942197945780916,False
hsa-miR-9-1-5p,505151.19872857153,509284.2567066667,0.011755849442891986,0.4494577401701625,0.9942197945780916,False
hsa-miR-106b-3p,471.21872975714285,511.5109412599999,0.11836821586247659,0.4494577401701625,0.9942197945780916,False
hsa-miR-628-5p,441.40226270000005,395.59498338866666,-0.15806989398958748,0.4494577401701625,0.9942197945780916,False
hsa-miR-29a-5p,12.021422874142855,12.6982390892,0.07902078135744528,0.4494577401701625,0.9942197945780916,False
hsa-miR-224-5p,230.3860912707143,154.6314093633333,-0.575220226762406,0.4494577401701625,0.9942197945780916,False
hsa-miR-582-3p,466.6996476142857,431.62431256,-0.11271824665578123,0.4494577401701625,0.9942197945780916,False
hsa-miR-9-2-5p,505150.86489285715,509284.4218866666,0.011757270786993956,0.4494577401701625,0.9942197945780916,False
hsa-miR-5010-3p,60.21265118142857,53.041285332666675,-0.18295090487757104,0.4494577401701625,0.9942197945780916,False
hsa-miR-9-5p,505169.4465999999,509304.98128666665,0.011762442245540683,0.4494577401701625,0.9942197945780916,False
hsa-miR-3120-3p,16.42995108135714,17.190738188666668,0.06530331220793695,0.4494577401701625,0.9942197945780916,False
hsa-miR-3913-5p,9.667541498285715,10.316929803333334,0.09379274833942919,0.4494577401701625,0.9942197945780916,False
hsa-miR-532-3p,13.43990930957143,14.862690958600002,0.14517194303589953,0.4494577401701625,0.9942197945780916,False
hsa-miR-659-5p,20.497673004499998,21.01356462533333,0.03586077633803697,0.4494577401701625,0.9942197945780916,False
hsa-miR-210-3p,71.88213446714285,63.627165915999996,-0.175990386415938,0.4494577401701625,0.9942197945780916,False
hsa-miR-1292-5p,21.439781130714287,21.072758266866668,-0.024911013498168266,0.4494577401701625,0.9942197945780916,False
hsa-miR-32-3p,27.122890231642856,24.324305377333335,-0.15711231418575977,0.4494577401701625,0.9942197945780916,False
hsa-miR-548ae-5p,10.399991119428568,12.356641737000002,0.2487044073380691,0.4733673539907033,0.9942197945780916,False
hsa-miR-6514-5p,15.671138146928573,13.389630916800002,-0.22699376861820664,0.4733673539907033,0.9942197945780916,False
hsa-miR-382-3p,525.7485679357143,464.71694580666656,-0.17802076188431393,0.4733673539907033,0.9942197945780916,False
hsa-miR-20b-5p,62.63395619857142,58.259279979333336,-0.1044571364557747,0.4733673539907033,0.9942197945780916,False
hsa-miR-92a-2-3p,6000.221186500001,5934.908874333333,-0.01578980521592399,0.4733673539907033,0.9942197945780916,False
hsa-miR-409-5p,383.38846357142853,353.0664488666667,-0.11886719449749528,0.4733673539907033,0.9942197945780916,False
hsa-miR-873-5p,298.42969030714283,287.9929283606667,-0.05135768736490576,0.4733673539907033,0.9942197945780916,False
hsa-miR-92a-3p,6437.958567428571,6344.165008133334,-0.02117299692790553,0.4733673539907033,0.9942197945780916,False
hsa-miR-491-5p,85.38469620500003,89.01023121666667,0.059993661364440065,0.4733673539907033,0.9942197945780916,False
hsa-miR-378a-3p,3253.5232941428576,3431.0588112,0.07665097211553906,0.4942727939435855,0.9942197945780916,False
hsa-miR-133a-1-3p,152.117275285,140.020682758,-0.11954405633367582,0.4942727939435855,0.9942197945780916,False
hsa-miR-503-5p,24.3210156,25.400746978666664,0.06266744974917327,0.4942727939435855,0.9942197945780916,False
hsa-miR-4446-3p,16.220350831357145,14.113240720866663,-0.2007557225178589,0.4942727939435855,0.9942197945780916,False
hsa-miR-30c-5p,16615.158354285715,16216.380283333332,-0.035048216673381205,0.4942727939435855,0.9942197945780916,False
hsa-miR-346,94.19689837714283,93.66096613266667,-0.008231637158159444,0.4942727939435855,0.9942197945780916,False
hsa-miR-1306-3p,14.691530854928573,14.572356029466667,-0.011750583978201945,0.4942727939435855,0.9942197945780916,False
hsa-miR-133a-3p,152.117275285,140.020682758,-0.11954405633367582,0.4942727939435855,0.9942197945780916,False
hsa-miR-30c-1-5p,16600.347570714282,16201.855691333332,-0.035054385697206314,0.4942727939435855,0.9942197945780916,False
hsa-miR-874-5p,11.00855329707143,11.758302778933333,0.09505494543895354,0.5088568074064106,0.9942197945780916,False
hsa-miR-335-3p,1080.4562541214284,937.83675734,-0.20423193114553406,0.5088568074064106,0.9942197945780916,False
hsa-miR-585-3p,24.44741470242857,18.732852452333326,-0.38411131366841644,0.5088568074064106,0.9942197945780916,False
hsa-miR-548ay-5p,28.071939277142857,30.502736425333335,0.11980994168912229,0.5088568074064106,0.9942197945780916,False
hsa-miR-744-3p,25.59880694214286,23.724440803333337,-0.10970249093504147,0.5088568074064106,0.9942197945780916,False
hsa-miR-138-2-5p,440.97230841428564,412.14164158666665,-0.09754782553283015,0.5088568074064106,0.9942197945780916,False
hsa-miR-660-5p,71.49112233857143,80.76833520866667,0.17602570170322895,0.5088568074064106,0.9942197945780916,False
hsa-miR-32-5p,91.74804741571427,104.38849900933332,0.18621341198334118,0.5359561189477502,0.9942197945780916,False
hsa-miR-509-3-5p,12.995473809500002,15.217250071066665,0.22769843628699293,0.5359561189477502,0.9942197945780916,False
hsa-miR-338-3p,3600.6550118571417,4329.087272533333,0.2658035071764715,0.5359561189477502,0.9942197945780916,False
hsa-miR-532-5p,3130.147096,3366.555661533334,0.10504286229651605,0.5359561189477502,0.9942197945780916,False
hsa-miR-199a-5p,360.60378369285706,450.11691204,0.3198852369147236,0.5359561189477502,0.9942197945780916,False
hsa-miR-199a-1-5p,360.60378369285706,450.11691204,0.3198852369147236,0.5359561189477502,0.9942197945780916,False
hsa-miR-3613-5p,110.55743906500001,120.38691369266667,0.12288247380933104,0.5359561189477502,0.9942197945780916,False
hsa-miR-412-5p,121.2397655442857,135.83046789666665,0.1639441569774096,0.5359561189477502,0.9942197945780916,False
hsa-miR-1277-5p,11.240916241499999,12.078624792333333,0.10369657275806166,0.5359561189477502,0.9942197945780916,False
hsa-miR-142-3p,97.45843098285714,109.62135699266668,0.16966999751747647,0.5359561189477502,0.9942197945780916,False
hsa-miR-324-5p,84.35256394428573,78.79255069533333,-0.09837268168230562,0.5359561189477502,0.9942197945780916,False
hsa-miR-143-5p,145.88400870428572,131.11806288666668,-0.15395530312397376,0.5359561189477502,0.9942197945780916,False
hsa-miR-876-3p,105.22008871000001,97.17663283599998,-0.11472882236289728,0.5359561189477502,0.9942197945780916,False
hsa-miR-190a-5p,39.13435319,42.58758181266667,0.12199721350116821,0.5359561189477502,0.9942197945780916,False
hsa-miR-504-5p,871.9287665571428,804.1240966466667,-0.11679211397405354,0.5359561189477502,0.9942197945780916,False
hsa-miR-1298-5p,154.04704294571428,436.41411555999997,1.502326776569955,0.5359561189477502,0.9942197945780916,False
hsa-miR-5680,16.96835426714286,13.041468471599996,-0.3797403206132426,0.5359561189477502,0.9942197945780916,False
hsa-miR-2110,202.69497401428572,190.96924017333333,-0.0859700374811716,0.5359561189477502,0.9942197945780916,False
hsa-miR-361-3p,2336.2234465000006,2330.6100402,-0.0034706347934605475,0.5359561189477502,0.9942197945780916,False
hsa-miR-383-5p,932.4122837214285,887.3635316066667,-0.07144274758038804,0.5359561189477502,0.9942197945780916,False
hsa-miR-323b-3p,877.2871314714286,798.6697976266668,-0.13544994848656522,0.5359561189477502,0.9942197945780916,False
hsa-miR-1303,40.836621879285715,47.856445898,0.2288497304672168,0.5359561189477502,0.9942197945780916,False
hsa-let-7c-3p,41.83914705428571,39.36441258266666,-0.08796149096060812,0.5658829511972601,0.9942197945780916,False
hsa-miR-16-5p,1660.8795341285713,1685.3470657933333,0.021098281692557563,0.5658829511972601,0.9942197945780916,False
hsa-miR-423-3p,7971.515617857142,8500.618976200001,0.09271384678686623,0.5658829511972601,0.9942197945780916,False
hsa-miR-654-5p,153.23295967857143,154.73860752200002,0.014106548882121928,0.5658829511972601,0.9942197945780916,False
hsa-miR-4705,22.61974795371429,21.67141871,-0.06178925189494411,0.5658829511972601,0.9942197945780916,False
hsa-miR-376a-3p,18.782795768,20.1835066488,0.10376502744902982,0.5658829511972601,0.9942197945780916,False
hsa-miR-129-1-3p,276.3101097357143,221.18206456333337,-0.32105394538204823,0.5658829511972601,0.9942197945780916,False
hsa-miR-139-5p,15208.417314499997,14429.932973133335,-0.07580542622662101,0.5658829511972601,0.9942197945780916,False
hsa-miR-7704,55.60426385285714,55.51034480533333,-0.002438861604461273,0.5658829511972601,0.9942197945780916,False
hsa-miR-370-5p,47.49465115014285,46.62088490200001,-0.02678865796603791,0.5658829511972601,0.9942197945780916,False
hsa-miR-652-3p,462.2953924785714,493.4060585266667,0.09396044672509163,0.5658829511972601,0.9942197945780916,False
hsa-miR-99b-5p,25176.908595714285,24906.03505213333,-0.015605781132652652,0.5658829511972601,0.9942197945780916,False
hsa-miR-379-5p,23502.193461428567,23633.99413006667,0.008068054558904691,0.5658829511972601,0.9942197945780916,False
hsa-miR-323a-3p,3646.971804714286,3410.6467878666667,-0.09665369118518008,0.5658829511972601,0.9942197945780916,False
hsa-miR-369-5p,370.4120235185714,345.77957231466667,-0.09927828789294679,0.5658829511972601,0.9942197945780916,False
hsa-miR-215-5p,8.816299454857141,10.2776379028,0.22126359725243727,0.5658829511972601,0.9942197945780916,False
hsa-miR-148b-3p,5066.223776714286,5428.320888799999,0.09959520374054165,0.5658829511972601,0.9942197945780916,False
hsa-miR-455-5p,623.5427243571428,693.9285245200001,0.1542986560389661,0.5658829511972601,0.9942197945780916,False
hsa-miR-29a-3p,25703.714476428573,27309.520700666664,0.08742713393862722,0.5658829511972601,0.9942197945780916,False
hsa-miR-6842-3p,182.18739957142859,164.92687549200002,-0.1435966722036719,0.5658829511972601,0.9942197945780916,False
hsa-miR-181c-3p,192.03210369285716,172.78172662666663,-0.15239687278060288,0.5658829511972601,0.9942197945780916,False
hsa-let-7d-5p,19045.96078642857,19388.257444666662,0.025698076930117608,0.5658829511972601,0.9942197945780916,False
hsa-miR-376a-1-3p,18.782795768,20.1835066488,0.10376502744902982,0.5658829511972601,0.9942197945780916,False
hsa-miR-16-1-5p,1664.4039111285715,1688.18010722,0.020463245718762124,0.5658829511972601,0.9942197945780916,False
hsa-let-7i-3p,28.127263353571433,30.099035003999997,0.09774804167577766,0.5658829511972601,0.9942197945780916,False
hsa-miR-548ab,18.493947990000002,19.45024087453333,0.07273478535072364,0.5658829511972601,0.9942197945780916,False
hsa-miR-1231,27.16140850357142,28.103913610933333,0.04921275189416452,0.5949220436221521,0.9942197945780916,False
hsa-miR-548o-3p,43.27414855928571,48.444818471999994,0.1628369329772239,0.5949220436221521,0.9942197945780916,False
hsa-miR-29b-1-3p,2493.9343939285714,2763.6329624,0.14814251061317485,0.5949220436221521,0.9942197945780916,False
hsa-miR-29b-3p,2494.367738071429,2764.2151421333333,0.1481957331764292,0.5949220436221521,0.9942197945780916,False
hsa-miR-299-3p,119.61611735928572,119.12048424666668,-0.005990270919213003,0.5949220436221521,0.9942197945780916,False
hsa-miR-628-3p,251.5508079285714,238.31168758533332,-0.07800011551442854,0.5949220436221521,0.9942197945780916,False
hsa-miR-30d-5p,55325.466649999995,53626.34601933334,-0.04500176002096623,0.5949220436221521,0.9942197945780916,False
hsa-miR-199a-1-3p,525.7367104785714,668.0161391266665,0.34554248121012954,0.5949220436221521,0.9942197945780916,False
hsa-miR-326,70.34405450142857,78.62275647933332,0.16051845326528014,0.5949220436221521,0.9942197945780916,False
hsa-miR-2113,53.751274512142864,53.96105692,0.005619642953274884,0.5949220436221521,0.9942197945780916,False
hsa-miR-766-5p,20.34157778221429,21.2915282672,0.06584792222836278,0.5949220436221521,0.9942197945780916,False
hsa-miR-328-3p,3728.9324065714286,3787.962868266667,0.022659542795846477,0.5949220436221521,0.9942197945780916,False
hsa-miR-126-3p,60300.077132142855,60428.265146,0.003063676314974728,0.5949220436221521,0.9942197945780916,False
hsa-miR-98-5p,12327.171917857146,12878.895964933334,0.06316706797985816,0.5949220436221521,0.9942197945780916,False
hsa-miR-411-3p,660.2674753485713,606.5527931559999,-0.1224173606800587,0.5949220436221521,0.9942197945780916,False
hsa-miR-1180-3p,2620.8177140714283,2606.361981666667,-0.007979548373512557,0.5949220436221521,0.9942197945780916,False
hsa-miR-539-5p,318.2220964642857,321.209937452,0.013482511101518213,0.5949220436221521,0.9942197945780916,False
hsa-miR-3124-5p,23.975106893571425,21.9698823972,-0.12601010038176685,0.5949220436221521,0.9942197945780916,False
hsa-miR-486-3p,18.760721766142858,15.550330598266667,-0.27077008035064587,0.5949220436221521,0.9942197945780916,False
hsa-miR-769-3p,39.46488709214286,35.41888521933333,-0.15605081657480202,0.5949220436221521,0.9942197945780916,False
hsa-miR-199b-3p,525.7367104785714,668.0161391266665,0.34554248121012954,0.5949220436221521,0.9942197945780916,False
hsa-miR-130b-3p,21.27906040214285,24.949216992666667,0.22956009004190303,0.5949220436221521,0.9942197945780916,False
hsa-miR-374a-5p,829.019872557143,881.7807142533333,0.08901323840055397,0.5949220436221521,0.9942197945780916,False
hsa-miR-140-3p,5703.030038785714,6218.4012385999995,0.12481507707540906,0.5949220436221521,0.9942197945780916,False
hsa-miR-200c-3p,56.713519115857146,59.472851826,0.06853857771728933,0.5949220436221521,0.9942197945780916,False
hsa-miR-199a-3p,525.9352133142855,668.2855144666665,0.3455795093114613,0.5949220436221521,0.9942197945780916,False
hsa-miR-548o-2-3p,43.27414855928571,48.444818471999994,0.1628369329772239,0.5949220436221521,0.9942197945780916,False
hsa-miR-190b,9.290309129571428,11.358550904733333,0.28998028384078234,0.5949220436221521,0.9942197945780916,False
hsa-miR-150-5p,312.57950857142856,317.0840590053333,0.020642145343856555,0.5949220436221521,0.9942197945780916,False
hsa-miR-1287-5p,85.95298398714286,107.89075373466666,0.3279515997736162,0.6229204283307264,0.9942197945780916,False
hsa-miR-424-5p,12.730641548428569,11.232900127866666,-0.18057467118871262,0.6229204283307264,0.9942197945780916,False
hsa-miR-676-3p,14.204072340642856,15.557379193666668,0.13129443037203892,0.6229204283307264,0.9942197945780916,False
hsa-miR-375,295.2140307935714,286.85934047333325,-0.04141779617795649,0.6229204283307264,0.9942197945780916,False
hsa-miR-577,198.68966186357144,236.53294274866664,0.2515243177683866,0.6229204283307264,0.9942197945780916,False
hsa-miR-576-3p,47.40859184928571,55.611746352666664,0.230241100067472,0.6229204283307264,0.9942197945780916,False
hsa-miR-429,22.964442267142857,25.920401129666665,0.17468629920299428,0.6229204283307264,0.9942197945780916,False
hsa-miR-1250-5p,128.15599098500002,148.15104045066667,0.20916783550825802,0.6229204283307264,0.9942197945780916,False
hsa-miR-3117-3p,25.26561077457143,21.1893762838,-0.25383393416228284,0.6229204283307264,0.9942197945780916,False
hsa-miR-433-5p,51.765146460714284,44.825469733666665,-0.20766235494381036,0.6229204283307264,0.9942197945780916,False
hsa-miR-296-3p,30.551798035,32.659080024000005,0.09622686403190706,0.6229204283307264,0.9942197945780916,False
hsa-miR-377-3p,85.09941395071428,89.09858637999999,0.06625334580378794,0.6229204283307264,0.9942197945780916,False
hsa-miR-2355-3p,18.691532797142855,20.662289251066667,0.1446152225648767,0.6229204283307264,0.9942197945780916,False
hsa-miR-454-5p,14.170892324857144,14.283872287599998,0.011456533957447057,0.6229204283307264,0.9942197945780916,False
hsa-miR-487b-3p,1113.1724817,1098.1834018133334,-0.01955813857725275,0.6229204283307264,0.9942197945780916,False
hsa-miR-502-3p,62.50238525857144,63.152483050666675,0.014928211563585592,0.6229204283307264,0.9942197945780916,False
hsa-miR-20a-5p,527.5073623492857,511.8615899866667,-0.043437478679258845,0.6229204283307264,0.9942197945780916,False
hsa-miR-337-3p,29.573065366714292,27.755717221999998,-0.09149881876780785,0.6229204283307264,0.9942197945780916,False
hsa-miR-1185-1-3p,46.259167788571425,42.63182550466667,-0.11780847868193423,0.6505276773378016,0.9942197945780916,False
hsa-miR-21-5p,24596.84640857143,23589.191165333337,-0.060347405965679,0.6505276773378016,0.9942197945780916,False
hsa-miR-2-320c,273.51397959428573,443.0243855666667,0.6957715391994999,0.6505276773378016,0.9942197945780916,False
hsa-miR-522-3p,20.37634393207143,28.017222333933333,0.45941871591909855,0.6505276773378016,0.9942197945780916,False
hsa-miR-548ad-5p,10.824605064071429,12.23665602373333,0.17689496976556685,0.6505276773378016,0.9942197945780916,False
hsa-miR-3064-5p,30.027913739285715,31.275175404000002,0.05871373193059437,0.6505276773378016,0.9942197945780916,False
hsa-miR-3909,62.295684012142864,70.14587967000001,0.17122614973828743,0.6505276773378016,0.9942197945780916,False
hsa-miR-320c,274.11096114071427,444.2927441733334,0.6967505608595062,0.6505276773378016,0.9942197945780916,False
hsa-miR-101-3p,21754.036236357144,21024.619958600004,-0.04920338040037464,0.6505276773378016,0.9942197945780916,False
hsa-miR-16-2-3p,206.33863839285712,249.33728685999998,0.27308464361026985,0.6505276773378016,0.9942197945780916,False
hsa-miR-143-3p,76647.58803928572,76827.90887266668,0.003390092842536774,0.6505276773378016,0.9942197945780916,False
hsa-miR-3200-3p,37.44558711571428,39.73924277133333,0.08576867228802776,0.6505276773378016,0.9942197945780916,False
hsa-miR-25-5p,12.7118246495,13.127498962933332,0.04642095270047264,0.6505276773378016,0.9942197945780916,False
hsa-miR-589-5p,102.27223591857144,110.55987157733333,0.11241329859195659,0.6505276773378016,0.9942197945780916,False
hsa-miR-101-2-3p,22701.2593105,21959.742679199997,-0.047911181413882176,0.6505276773378016,0.9942197945780916,False
hsa-miR-6516-3p,18.85228271478572,20.9590849662,0.15283651118914232,0.6505276773378016,0.9942197945780916,False
hsa-let-7g-5p,97428.17993571427,96286.58086533332,-0.017004366394257175,0.6505276773378016,0.9942197945780916,False
hsa-miR-651-5p,42.699367072142856,34.92048916066667,-0.2901409169479807,0.6505276773378016,0.9942197945780916,False
hsa-miR-154-3p,28.35485798728572,28.900074255333333,0.027477268851403558,0.6505276773378016,0.9942197945780916,False
hsa-miR-128-1-5p,55.22895050928571,51.29492187066667,-0.10660870478631068,0.6505276773378016,0.9942197945780916,False
hsa-miR-219a-1-5p,114.79023361142856,145.34135363133333,0.3404453456897256,0.6781382270680966,0.9942197945780916,False
hsa-miR-431-3p,433.93685171428575,400.01099628,-0.11744545084272673,0.6781382270680966,0.9942197945780916,False
hsa-miR-4454,19.224727525214284,21.953627925,0.19149621978863696,0.6781382270680966,0.9942197945780916,False
hsa-miR-185-3p,95.43214814999999,102.97164570400001,0.10969987853169627,0.6781382270680966,0.9942197945780916,False
hsa-miR-487a-5p,261.35821979285714,229.183195874,-0.18952726622888072,0.6781382270680966,0.9942197945780916,False
hsa-miR-1185-5p,31.367316715714278,28.828306707866666,-0.12177602107372287,0.6781382270680966,0.9942197945780916,False
hsa-miR-365a-5p,16.27823002557143,14.965781263600002,-0.12127624584991725,0.6781382270680966,0.9942197945780916,False
hsa-let-7c-5p,79736.98329071428,87249.72597,0.12990157565352334,0.6781382270680966,0.9942197945780916,False
hsa-miR-329-1-5p,70.164454595,63.07542155866667,-0.15366240104104456,0.6781382270680966,0.9942197945780916,False
hsa-miR-219a-2-3p,33085.97660785714,40236.2311428,0.2822753121489576,0.6781382270680966,0.9942197945780916,False
hsa-miR-148a-3p,13613.720009642857,16437.478807,0.27192769076496326,0.6781382270680966,0.9942197945780916,False
hsa-miR-187-3p,45.48821854071429,47.989313102333334,0.077220227769903,0.6781382270680966,0.9942197945780916,False
hsa-miR-329-5p,70.164454595,63.07542155866667,-0.15366240104104456,0.6781382270680966,0.9942197945780916,False
hsa-miR-6500-3p,37.54145138357143,38.047355897333325,0.019311770026396502,0.6781382270680966,0.9942197945780916,False
hsa-miR-1185-2-5p,31.367316715714278,28.828306707866666,-0.12177602107372287,0.6781382270680966,0.9942197945780916,False
hsa-miR-539-3p,251.8270746757143,244.8607743433333,-0.040471721028455754,0.6781382270680966,0.9942197945780916,False
hsa-miR-181d-5p,3427.2493440000003,3542.1103764666673,0.04755801229519463,0.6781382270680966,0.9942197945780916,False
hsa-miR-331-5p,119.76952968714286,119.40212116933334,-0.004432455616493414,0.6781382270680966,0.9942197945780916,False
hsa-miR-664a-5p,236.2798194285715,219.56365594,-0.10585714768172849,0.6781382270680966,0.9942197945780916,False
hsa-miR-136-3p,610.3899955357143,593.9668728866667,-0.03934884585972398,0.6781382270680966,0.9942197945780916,False
hsa-miR-4677-3p,16.778192641428568,15.471015217666666,-0.11701944559352118,0.7057487767983914,0.9942197945780916,False
hsa-let-7a-5p,259008.6575214286,279978.34820666665,0.11231494070066717,0.7057487767983914,0.9942197945780916,False
hsa-miR-339-5p,31.643976657142854,36.28234037933334,0.197336606591608,0.7057487767983914,0.9942197945780916,False
hsa-let-7a-3-3p,153.90922551428574,163.534013618,0.08751102342023298,0.7057487767983914,0.9942197945780916,False
hsa-let-7a-3-5p,259999.6249071429,281018.63063333335,0.11215623774117489,0.7057487767983914,0.9942197945780916,False
hsa-miR-374a-3p,177.56635876214287,188.09126723133338,0.083074589943684,0.7057487767983914,0.9942197945780916,False
hsa-miR-125b-2-3p,2484.4594737857146,2470.4375286000004,-0.008165435033436808,0.7057487767983914,0.9942197945780916,False
hsa-miR-93-3p,27.70177641857143,26.009540746000006,-0.09093756861286106,0.7057487767983914,0.9942197945780916,False
hsa-let-7a-3p,154.21156650000003,163.85438302466667,0.08750328742751545,0.7057487767983914,0.9942197945780916,False
hsa-miR-138-1-3p,55.05951508857144,55.40044721866668,0.008905718325117995,0.7057487767983914,0.9942197945780916,False
hsa-miR-4488,61.899391992642855,42.97161760413335,-0.5265411523300783,0.7057487767983914,0.9942197945780916,False
hsa-miR-135b-5p,36.500113414285714,34.10847929033333,-0.0977705122456074,0.7057487767983914,0.9942197945780916,False
hsa-miR-1275,44.346395726785715,61.76503371953333,0.477973480385808,0.7057487767983914,0.9942197945780916,False
hsa-miR-127-5p,577.0368874642858,535.3761531866668,-0.10811066740413366,0.7057487767983914,0.9942197945780916,False
hsa-miR-30c-1-3p,109.240918655,112.65937399399999,0.04445400867080007,0.7057487767983914,0.9942197945780916,False
hsa-let-7a-2-5p,258997.7835357143,279971.0459466667,0.11233788261296951,0.7057487767983914,0.9942197945780916,False
hsa-miR-124-3-5p,270.31634677857147,247.74584928666667,-0.1257878714560352,0.7330092435722282,0.9942197945780916,False
hsa-miR-125a-5p,34365.375061428575,32867.668611999994,-0.06428657893838263,0.7330092435722282,0.9942197945780916,False
hsa-miR-218-1-5p,11543.811687071428,11724.5829966,0.022416941306175886,0.7330092435722282,0.9942197945780916,False
hsa-miR-342-5p,628.3762633214285,607.11014624,-0.0496704001741044,0.7330092435722282,0.9942197945780916,False
hsa-miR-3065-5p,33.65595774714286,36.36856776646666,0.11183020001008348,0.7330092435722282,0.9942197945780916,False
hsa-miR-887-5p,17.52684078357143,19.67168160733333,0.1665543162674803,0.7330092435722282,0.9942197945780916,False
hsa-miR-93-5p,631.3429331428572,638.7580282733335,0.01684565690774953,0.7330092435722282,0.9942197945780916,False
hsa-miR-1468-5p,134.6735544242857,137.171896578,0.02651835668997471,0.7330092435722282,0.9942197945780916,False
hsa-miR-22-5p,446.28735010714274,441.1710929733333,-0.016634650620249047,0.7330092435722282,0.9942197945780916,False
hsa-miR-122-5p,86.05687222214284,101.569684228,0.23910755044285192,0.7330092435722282,0.9942197945780916,False
hsa-miR-218-5p,11544.23113442857,11724.931005266668,0.02240734295309288,0.7330092435722282,0.9942197945780916,False
hsa-miR-148b-5p,128.24976538571426,133.46654065599998,0.05752192471790263,0.7330092435722282,0.9942197945780916,False
hsa-miR-494-3p,173.27641955571428,175.53417587266668,0.01867660773329316,0.7330092435722282,0.9942197945780916,False
hsa-miR-130b-5p,243.4557669785715,242.7980198,-0.003903020181040162,0.7330092435722282,0.9942197945780916,False
hsa-miR-124-5p,270.4308410928572,247.72398818000002,-0.12652611441317774,0.7330092435722282,0.9942197945780916,False
hsa-miR-3620-5p,13.98309343707143,13.249746162466668,-0.07771883813254687,0.7330092435722282,0.9942197945780916,False
hsa-miR-552-3p,84.72359768785715,84.55126242800002,-0.002937557419874892,0.7330092435722282,0.9942197945780916,False
hsa-miR-27b-3p,63935.857246428575,64388.625503999996,0.010180586221265386,0.7330092435722282,0.9942197945780916,False
hsa-miR-124-2-5p,270.5435388857143,247.62079346666667,-0.12772832022017777,0.7330092435722282,0.9942197945780916,False
hsa-miR-1-7641,20.661662166714287,18.3260325378,-0.17306183326319324,0.7583241403034292,0.9942197945780916,False
hsa-miR-149-3p,12.932822337142856,11.775782030866663,-0.13521427712081557,0.7583241403034292,0.9942197945780916,False
hsa-miR-758-3p,355.98056360714287,326.2987118066666,-0.12560518095289908,0.7583241403034292,0.9942197945780916,False
hsa-miR-134-5p,2131.147083142857,1978.7957700666666,-0.10700744486290503,0.7583241403034292,0.9942197945780916,False
hsa-let-7e-3p,102.05648785214285,97.014412778,-0.07309689930131835,0.7583241403034292,0.9942197945780916,False
hsa-miR-1343-3p,38.191772781428575,35.27890030733334,-0.1144562975974015,0.7583241403034292,0.9942197945780916,False
hsa-miR-30a-3p,4555.7680225,5037.1347258,0.1449090309929275,0.7583241403034292,0.9942197945780916,False
hsa-miR-873-3p,141.61765264571426,132.46632834199997,-0.0963754214545256,0.7583241403034292,0.9942197945780916,False
hsa-miR-24-1-5p,623.0603309214287,647.0808690266666,0.05457415836017354,0.7583241403034292,0.9942197945780916,False
hsa-miR-432-5p,1675.5335842142856,1565.583083046667,-0.09792053197731043,0.7812678284180923,0.9942197945780916,False
hsa-miR-18a-5p,13.347080450642858,15.395191206933335,0.20595558530207203,0.7812678284180923,0.9942197945780916,False
hsa-miR-6716-3p,26.726954267857145,26.659150650800004,-0.0036646237753474864,0.7812678284180923,0.9942197945780916,False
hsa-miR-454-3p,85.23303993714285,80.80226482400002,-0.07701705743828668,0.7812678284180923,0.9942197945780916,False
hsa-miR-1296-5p,314.03289858571435,279.27910496666664,-0.1692080675969443,0.7812678284180923,0.9942197945780916,False
hsa-miR-10a-5p,268.84686805285713,311.09667166133335,0.21057829500112213,0.7812678284180923,0.9942197945780916,False
hsa-miR-153-2-3p,298.7686976792857,291.41734267466666,-0.035942266458601324,0.7812678284180923,0.9942197945780916,False
hsa-miR-195-3p,230.31689873571432,248.33605659999998,0.10867347765234925,0.7812678284180923,0.9942197945780916,False
hsa-miR-222-3p,8515.397410857144,7679.1475172,-0.1491276992058701,0.7812678284180923,0.9942197945780916,False
hsa-miR-153-3p,298.7686976792857,291.41734267466666,-0.035942266458601324,0.7812678284180923,0.9942197945780916,False
hsa-miR-221-5p,549.4901422285715,509.83441861333336,-0.10806482755447888,0.7812678284180923,0.9942197945780916,False
hsa-miR-490-5p,62.35464125142857,47.07340166133334,-0.4055848382196592,0.8015565488669494,0.9942197945780916,False
hsa-miR-34c-3p,26.520467727500005,34.94351299293333,0.3979184349712517,0.8015565488669494,0.9942197945780916,False
hsa-miR-1299,600.7330757064286,537.25558954,-0.16111551191299966,0.8015565488669494,0.9942197945780916,False
hsa-miR-100-5p,132732.61343928572,147358.197444,0.15080442321511,0.8015565488669494,0.9942197945780916,False
hsa-miR-505-5p,19.226813662214287,20.671360491866665,0.10451364950489594,0.8015565488669494,0.9942197945780916,False
hsa-miR-664a-3p,92.32020309500001,89.166115158,-0.05015083539242404,0.8015565488669494,0.9942197945780916,False
hsa-miR-656-3p,154.05838137071427,145.424103924,-0.08321075811483514,0.8015565488669494,0.9942197945780916,False
hsa-miR-7-1-3p,74.75174216142857,68.11175296,-0.13420344048660926,0.8173045443222662,0.9942197945780916,False
hsa-miR-2-320b,662.1078565071429,936.4428189133334,0.5001246539710476,0.8173045443222662,0.9942197945780916,False
hsa-miR-221-3p,7015.380003928571,6453.981444933334,-0.12033182269076903,0.8173045443222662,0.9942197945780916,False
hsa-miR-487a-3p,117.33179966499999,121.02326882466666,0.04469038684117255,0.8173045443222662,0.9942197945780916,False
hsa-miR-320b,661.7820423000001,935.40272576,0.4992314886517466,0.8173045443222662,0.9942197945780916,False
hsa-miR-186-5p,3382.041996857143,3733.2169858,0.1425247901787401,0.8173045443222662,0.9942197945780916,False
hsa-miR-671-5p,83.43511475071429,69.79604387333333,-0.2575094234024071,0.8173045443222662,0.9942197945780916,False
hsa-miR-33a-5p,19.857765756571432,20.929256317999997,0.07581773801157077,0.8173045443222662,0.9942197945780916,False
hsa-miR-27a-5p,33.77167147385715,27.425171337333335,-0.3003129511340461,0.8173045443222662,0.9942197945780916,False
hsa-miR-941,617.4582213071428,687.5968177466667,0.1552213441033956,0.8440431487042857,0.9942197945780916,False
hsa-miR-1248,98.74833464785713,132.08823916733337,0.41967369505275176,0.8440431487042857,0.9942197945780916,False
hsa-miR-574-5p,135.14945811714284,152.07242870733333,0.17020288344803003,0.8440431487042857,0.9942197945780916,False
hsa-miR-548d-5p,13.303090980714286,15.474768380866667,0.21815632032845045,0.8440431487042857,0.9942197945780916,False
hsa-miR-7-1-5p,189385.73650000003,181687.06287866665,-0.059871983599290246,0.8440431487042857,0.9942197945780916,False
hsa-miR-34b-3p,19.41051197314286,23.670877809599997,0.2862750367045743,0.8440431487042857,0.9942197945780916,False
hsa-miR-4473,13.42864500657143,13.678303149133335,0.0265755294100547,0.8440431487042857,0.9942197945780916,False
hsa-miR-362-5p,38.86626326214286,40.757615007333335,0.06855122389958623,0.8440431487042857,0.9942197945780916,False
hsa-miR-320d,138.79286977571428,240.67708039866662,0.7941653069081802,0.8440431487042857,0.9942197945780916,False
hsa-let-7i-5p,108394.31556285711,115064.087118,0.08614852073122492,0.8440431487042857,0.9942197945780916,False
hsa-miR-671-3p,191.93161368571427,186.40800429866667,-0.042128551963905636,0.8440431487042857,0.9942197945780916,False
hsa-miR-2-941,617.4582213071428,687.5968177466667,0.1552213441033956,0.8440431487042857,0.9942197945780916,False
hsa-miR-216b-5p,18.74148387107143,16.9338987348,-0.14632101713983658,0.8440431487042857,0.9942197945780916,False
hsa-miR-329-1-3p,798.8166082,784.1610901733333,-0.026714270617043567,0.8440431487042857,0.9942197945780916,False
hsa-miR-10b-5p,410.71303130000007,456.6941716933333,0.15309765567335454,0.8440431487042857,0.9942197945780916,False
hsa-miR-1-941,617.4582213071428,687.5968177466667,0.1552213441033956,0.8440431487042857,0.9942197945780916,False
hsa-miR-30d-3p,69.04108360142858,67.827587606,-0.025582925804538803,0.8440431487042857,0.9942197945780916,False
hsa-miR-149-5p,1676.680487642857,1565.177686473333,-0.09928134346746198,0.8440431487042857,0.9942197945780916,False
hsa-miR-151a-3p,32833.67799142857,34944.56454666667,0.08989170098024779,0.8440431487042857,0.9942197945780916,False
hsa-miR-7641,24.927843048571436,22.1804522922,-0.16846927051785165,0.8440431487042857,0.9942197945780916,False
hsa-miR-5-941,617.4582213071428,687.5968177466667,0.1552213441033956,0.8440431487042857,0.9942197945780916,False
hsa-miR-767-5p,40.13705148785714,40.117820815333324,-0.00069139718543898,0.8440431487042857,0.9942197945780916,False
hsa-miR-3200-5p,10.356025535214286,11.747120774133334,0.18183676709819618,0.8440431487042857,0.9942197945780916,False
hsa-miR-7-5p,189306.07345000005,181606.66199666666,-0.05990357040564831,0.8440431487042857,0.9942197945780916,False
hsa-miR-193a-5p,100.62793792000002,118.73842630466666,0.23875599306443185,0.8440431487042857,0.9942197945780916,False
hsa-miR-548d-1-5p,13.303090980714286,15.474768380866667,0.21815632032845045,0.8440431487042857,0.9942197945780916,False
hsa-miR-7-2-5p,189516.36205714286,181810.92976466665,-0.05988347873988786,0.8440431487042857,0.9942197945780916,False
hsa-miR-25-3p,7113.677587285713,8003.141308933333,0.1699707939463071,0.8440431487042857,0.9942197945780916,False
hsa-miR-330-3p,3013.4901081428575,2978.894527266667,-0.01665828565179517,0.8440431487042857,0.9942197945780916,False
hsa-miR-500a-3p,83.87189845714285,81.290647276,-0.04509813651123107,0.8440431487042857,0.9942197945780916,False
hsa-miR-505-3p,42.84681966714286,48.73073707666667,0.1856439208354228,0.8440431487042857,0.9942197945780916,False
hsa-miR-223-3p,43.604148408571426,47.79142228266666,0.13228630657118146,0.8440431487042857,0.9942197945780916,False
hsa-miR-760,225.2381513,247.62240437333332,0.1366906378203696,0.8440431487042857,0.9942197945780916,False
hsa-miR-329-3p,798.8166082,784.1610901733333,-0.026714270617043567,0.8440431487042857,0.9942197945780916,False
hsa-miR-299-5p,177.30284869285714,165.76380298400002,-0.09708670884879567,0.8440431487042857,0.9942197945780916,False
hsa-miR-485-5p,3398.5818544999997,3380.4634308,-0.007711829958944705,0.8440431487042857,0.9942197945780916,False
hsa-miR-4-941,617.4582213071428,687.5968177466667,0.1552213441033956,0.8440431487042857,0.9942197945780916,False
hsa-miR-1-320d,138.79286977571428,240.67708039866662,0.7941653069081802,0.8440431487042857,0.9942197945780916,False
hsa-miR-664b-3p,17.868625946571427,20.178731484466667,0.17540678479011262,0.8668752697954428,0.9942197945780916,False
hsa-miR-370-3p,13052.093769214287,12878.761192800002,-0.019287429845007864,0.8668752697954428,0.9942197945780916,False
hsa-miR-550a-5p,15.246126356571425,14.284790213399999,-0.0939628890233557,0.8668752697954428,0.9942197945780916,False
hsa-miR-125b-2-5p,45471.31479285714,44542.69029333334,-0.02976802310928406,0.8668752697954428,0.9942197945780916,False
hsa-miR-128-2-3p,416990.24044285715,396019.76316,-0.07444118908569664,0.8668752697954428,0.9942197945780916,False
hsa-miR-380-5p,240.67663759285716,226.9741572006666,-0.08456806199628275,0.8668752697954428,0.9942197945780916,False
hsa-miR-203a-3p,723.0684237928572,644.95114464,-0.1649422956943738,0.8668752697954428,0.9942197945780916,False
hsa-miR-576-5p,14.154487479928573,16.139493250200005,0.18933576978917488,0.8668752697954428,0.9942197945780916,False
hsa-miR-6866-5p,35.20889690857143,37.473166191333334,0.08991785092737725,0.8668752697954428,0.9942197945780916,False
hsa-miR-889-3p,1901.985371185714,1793.79116478,-0.0844942101585282,0.8668752697954428,0.9942197945780916,False
hsa-miR-125b-5p,45534.774014285715,44601.361489333336,-0.029880973998336557,0.8668752697954428,0.9942197945780916,False
hsa-miR-490-3p,478.95351703571424,417.78509432666675,-0.1971246265508384,0.8668752697954428,0.9942197945780916,False
hsa-miR-550a-1-5p,15.246126356571425,14.284790213399999,-0.0939628890233557,0.8668752697954428,0.9942197945780916,False
hsa-miR-363-5p,17.074476217142855,17.870804344466666,0.06576324733954753,0.8668752697954428,0.9942197945780916,False
hsa-miR-195-5p,683.0291741071429,718.3751183206666,0.07279018026565964,0.8863903574528524,0.9942197945780916,False
hsa-miR-105-2-5p,256.5806837785714,247.60377699333327,-0.05137924192560828,0.8863903574528524,0.9942197945780916,False
hsa-miR-1298-3p,107.77706041857144,108.57690187599998,0.010667080453735878,0.8863903574528524,0.9942197945780916,False
hsa-miR-877-5p,28.02313445642856,27.671378222666668,-0.01822383202475386,0.8863903574528524,0.9942197945780916,False
hsa-miR-27b-5p,375.15134463571434,390.08049722,0.05629914079045939,0.8863903574528524,0.9942197945780916,False
hsa-let-7e-5p,11562.020642,12095.314374933334,0.06505471440831379,0.8863903574528524,0.9942197945780916,False
hsa-miR-151b,1690.1645777785714,1738.9173783920003,0.041025653077173985,0.8863903574528524,0.9942197945780916,False
hsa-miR-411-5p,4949.971796042858,4632.9214400266665,-0.09549808607871135,0.8863903574528524,0.9942197945780916,False
hsa-miR-6507-5p,11.382828794571427,11.190920262733334,-0.024530454096769017,0.8863903574528524,0.9942197945780916,False
hsa-miR-1301-3p,1138.8542560500002,1102.5098423733332,-0.04679159600116378,0.8863903574528524,0.9942197945780916,False
hsa-miR-145-5p,1022.8048608642856,944.4803308733333,-0.11493826467403778,0.8863903574528524,0.9942197945780916,False
hsa-miR-105-5p,256.5806837785714,247.60377699333327,-0.05137924192560828,0.8863903574528524,0.9942197945780916,False
hsa-miR-126-5p,1102.8938307214285,1063.93516612,-0.05188367877663147,0.8863903574528524,0.9942197945780916,False
hsa-miR-99a-5p,156609.54149285718,163304.39789333337,0.06039153211291648,0.8863903574528524,0.9942197945780916,False
hsa-miR-15a-5p,54.27436598142856,60.374628646000005,0.15367144244287267,0.9031399547904067,0.9942197945780916,False
hsa-miR-151a-5p,12898.312122285715,12868.797454686664,-0.003305041496707517,0.9031399547904067,0.9942197945780916,False
hsa-miR-128-3p,515201.8432285713,496256.8239399999,-0.05405081432955683,0.9031399547904067,0.9942197945780916,False
hsa-miR-5584-5p,24.552003237857143,28.779197772666667,0.2291856359776565,0.9031399547904067,0.9942197945780916,False
hsa-miR-654-3p,638.1034365142857,665.39043118,0.06041081562562134,0.9031399547904067,0.9942197945780916,False
hsa-miR-204-3p,90.38600557714287,109.11710274333335,0.27170592057054144,0.9031399547904067,0.9942197945780916,False
hsa-miR-1908-5p,47.23571394571429,47.42037447333334,0.005628991644689663,0.9031399547904067,0.9942197945780916,False
hsa-miR-107,1255.7604315642857,1236.2349777000004,-0.022608269524402758,0.9031399547904067,0.9942197945780916,False
hsa-miR-130a-3p,111.07109450642858,117.29882905066667,0.0787051975215185,0.9177747039792797,0.9942197945780916,False
hsa-miR-377-5p,36.03877027785714,37.136842347333335,0.04330136768120951,0.9177747039792797,0.9942197945780916,False
hsa-miR-137,523.6017802214286,510.50602181200003,-0.03654202348337421,0.9177747039792797,0.9942197945780916,False
hsa-miR-501-5p,9.529696742714288,10.057512883666668,0.0777713760152392,0.9177747039792797,0.9942197945780916,False
hsa-miR-148a-5p,25.507920988571424,26.068731007200004,0.03137503848298273,0.9177747039792797,0.9942197945780916,False
hsa-miR-410-3p,778.7408602357143,749.6151419066666,-0.05499323079500584,0.9177747039792797,0.9942197945780916,False
hsa-miR-6505-5p,33.55328843285714,30.320325432666667,-0.14616892826591243,0.9177747039792797,0.9942197945780916,False
hsa-miR-330-5p,1609.5397030000001,1730.7419629733336,0.10474248409665954,0.9177747039792797,0.9942197945780916,False
hsa-let-7b-5p,95330.20238357142,112569.58976066668,0.23981187724005082,0.9177747039792797,0.9942197945780916,False
hsa-miR-381-3p,7163.913093214286,7517.8663444,0.06957543098271124,0.9177747039792797,0.9942197945780916,False
hsa-miR-597-3p,17.279362579285714,17.546472792,0.022131049086358878,0.9177747039792797,0.9942197945780916,False
hsa-miR-19a-3p,21.144166748857142,23.637810710666667,0.16083671437943448,0.9177747039792797,0.9942197945780916,False
hsa-miR-335-5p,1239.571716842857,1214.744736386667,-0.029188561491572784,0.9177747039792797,0.9942197945780916,False
hsa-miR-1-1-3p,2270.37272275,2035.5071682599998,-0.1575408593521228,0.9314789199827331,0.9942197945780916,False
hsa-let-7f-2-5p,209630.2102742857,217518.71865533333,0.053292916130914136,0.9314789199827331,0.9942197945780916,False
hsa-miR-17-5p,303.8963584,321.8951532,0.08301146710735807,0.9314789199827331,0.9942197945780916,False
hsa-miR-1228-5p,14.617768621928573,11.482860869266668,-0.34824097957681843,0.9314789199827331,0.9942197945780916,False
hsa-miR-1-3p,2345.0894417357144,2108.8883245,-0.1531602484893977,0.9314789199827331,0.9942197945780916,False
hsa-let-7f-5p,200711.5197264286,207176.589042,0.045737565912023825,0.9314789199827331,0.9942197945780916,False
hsa-miR-34a-5p,265.80379249285716,276.5113738266666,0.056977135338220464,0.9314789199827331,0.9942197945780916,False
hsa-miR-29b-2-5p,93.95586135428572,93.76318384533332,-0.002961606628447022,0.9314789199827331,0.9942197945780916,False
hsa-miR-28-3p,1933.0250486428572,2110.0367404666667,0.1264077872148519,0.9314789199827331,0.9942197945780916,False
hsa-miR-6516-5p,85.38633189642859,86.87814661399997,0.024988175380039834,0.9451831359861865,0.9942197945780916,False
hsa-miR-409-3p,7854.482588285713,7880.361076,0.004745493549236812,0.9451831359861865,0.9942197945780916,False
hsa-miR-95-3p,8778.477220857143,8617.157367533333,-0.026758670198999468,0.9451831359861865,0.9942197945780916,False
hsa-miR-7706,21.198172884285718,23.41350616173333,0.1434010723579222,0.9451831359861865,0.9942197945780916,False
hsa-miR-3605-3p,63.327800767857134,64.48771057333333,0.026185273532864706,0.9451831359861865,0.9942197945780916,False
hsa-miR-382-5p,4261.3859597142855,4190.0587394,-0.024352255498566677,0.9451831359861865,0.9942197945780916,False
hsa-miR-3158-3p,15.096121463428572,16.421075319466663,0.12137066778134908,0.9451831359861865,0.9942197945780916,False
hsa-miR-29b-1-5p,9.70990615192857,9.443366980533332,-0.040156015504944076,0.9451831359861865,0.9942197945780916,False
hsa-miR-3158-1-3p,15.096121463428572,16.421075319466663,0.12137066778134908,0.9451831359861865,0.9942197945780916,False
hsa-miR-885-3p,163.55090849285716,143.41353443533328,-0.18955859070120784,0.9451831359861865,0.9942197945780916,False
hsa-miR-138-5p,1043.3440533285714,975.5307439466669,-0.09695573436134453,0.9451831359861865,0.9942197945780916,False
hsa-miR-590-3p,15.733947509642856,15.354286606866669,-0.03523919255829622,0.9581260066561147,0.9942197945780916,False
hsa-miR-320e,25.575476954285712,50.550478344599995,0.9829635991157915,0.9581260066561147,0.9942197945780916,False
hsa-miR-323a-5p,81.31086606357142,77.50545805466666,-0.06915025047252499,0.9581260066561147,0.9942197945780916,False
hsa-miR-155-5p,464.3348761857142,455.5516599386666,-0.027550979650746044,0.9581260066561147,0.9942197945780916,False
hsa-miR-1224-5p,194.79658812142856,190.10440906866668,-0.0351764160901169,0.9581260066561147,0.9942197945780916,False
hsa-miR-324-3p,20.309721542214284,22.289393360666665,0.13418689241507664,0.9581260066561147,0.9942197945780916,False
hsa-miR-136-5p,496.0972294428571,494.8166855666667,-0.003728750399494274,0.9581260066561147,0.9942197945780916,False
hsa-miR-3912-3p,32.81495874428571,31.58716014933334,-0.055015382216967446,0.9581260066561147,0.9942197945780916,False
hsa-miR-493-3p,61.97741435785714,61.32683046133334,-0.015224177764494584,0.9581260066561147,0.9942197945780916,False
hsa-miR-499a-5p,1119.692840092857,1136.0846118266668,0.020967266979017296,0.9581260066561147,0.9942197945780916,False
hsa-miR-23a-3p,2123.748019142857,2245.702517273334,0.0805542283244236,0.9581260066561147,0.9942197945780916,False
hsa-miR-219a-1-3p,8.285859621285715,9.429730055800002,0.18656509312456038,0.9581260066561147,0.9942197945780916,False
hsa-miR-211-5p,45.391197842285706,100.5536262426,1.1474806445511057,0.9581260066561147,0.9942197945780916,False
hsa-miR-197-3p,260.37070450714293,255.5375559133334,-0.02703179630609931,0.9581260066561147,0.9942197945780916,False
hsa-miR-193b-3p,29.821992277142858,37.597714466666666,0.3342683233546282,0.9581260066561147,0.9942197945780916,False
hsa-miR-124-3p,10117.184200499998,10191.408763266667,0.010545672525008598,0.9681080899178893,0.9954235003710266,False
hsa-miR-124-3-3p,10117.184200499998,10191.408763266667,0.010545672525008598,0.9681080899178893,0.9954235003710266,False
hsa-miR-146a-5p,2085.160514642857,2058.969081066667,-0.01823628030216362,0.9681080899178893,0.9954235003710266,False
hsa-miR-124-2-3p,10117.184200499998,10191.408763266667,0.010545672525008598,0.9681080899178893,0.9954235003710266,False
hsa-miR-514a-2-3p,48.343622995714284,48.30912456000001,-0.0010298874164611505,0.975712143928036,0.9954235003710266,False
hsa-miR-139-3p,2955.3489079285714,2847.7643974666667,-0.05349867121709906,0.975712143928036,0.9954235003710266,False
hsa-miR-1270,45.293932270714286,42.033578294,-0.10777551737411262,0.975712143928036,0.9954235003710266,False
hsa-miR-514a-3p,48.343622995714284,48.30912456000001,-0.0010298874164611505,0.975712143928036,0.9954235003710266,False
hsa-miR-514a-1-3p,48.343622995714284,48.30912456000001,-0.0010298874164611505,0.975712143928036,0.9954235003710266,False
hsa-miR-598-3p,519.8456090357142,504.18956182000005,-0.044116964718542206,0.975712143928036,0.9954235003710266,False
hsa-miR-145-3p,729.9530526285714,818.8549467200002,0.165804234009455,0.9815031725623257,0.9962997028019587,False
hsa-miR-29c-3p,367.7150354785714,380.77817083333326,0.05036260649420399,0.9815031725623257,0.9962997028019587,False
hsa-let-7f-1-3p,19.73325911357143,19.53807160066667,-0.01434116800202645,0.9815031725623257,0.9962997028019587,False
hsa-miR-9-3p,32454.328805,31639.383404666667,-0.03668943527272894,0.9937393016597996,0.9970298291487394,False
hsa-let-7d-3p,873.8926550214284,877.4864226733333,0.005920726257841125,0.9937393016597996,0.9970298291487394,False
hsa-miR-9-1-3p,32617.596188571428,31787.454465333336,-0.03719297370991903,0.9937393016597996,0.9970298291487394,False
hsa-miR-24-2-5p,150.11863569285714,160.336050002,0.09499575401182714,0.9937393016597996,0.9970298291487394,False
hsa-miR-23b-5p,54.92550885642857,56.45691427266667,0.03967394800273105,0.9937393016597996,0.9970298291487394,False
hsa-miR-9-2-3p,32617.596188571428,31787.454465333336,-0.03719297370991903,0.9937393016597996,0.9970298291487394,False
hsa-miR-378a-5p,23.34715215642857,23.0100761892,-0.020980822812881605,0.9937393016597996,0.9970298291487394,False
hsa-miR-185-5p,2687.2769170714287,2565.2868203333337,-0.067024854960275,0.9987556273462855,0.9987556273462855,False
hsa-miR-495-3p,2016.9666489999997,1982.80187138,-0.02464670331356622,0.9987556273462855,0.9987556273462855,False
