miRNA,control_mean,ad_mean,log_fold_change,p_value,adj_p_value,significant,core_cholinergic_Production,cholinergic_targets_Production,cholinergic_Production
hsa-miR-218-1-5p,10263.658611818182,13305.342893333334,0.3744606010335172,0.0059793148028442,0.9208144796380088,False,False,,False
hsa-miR-873-3p,113.60001340000002,147.23508001666667,0.3741584417590866,0.0059793148028442,0.9208144796380088,False,False,,False
hsa-miR-877-5p,31.992599223636365,22.261675426666667,-0.5231760334579736,0.0059793148028442,0.9208144796380088,False,False,,False
hsa-miR-218-5p,10263.945675636363,13306.231245,0.3745165714595408,0.0059793148028442,0.9208144796380088,False,False,,False
hsa-miR-409-5p,320.6185860727273,386.8883012333334,0.2710590449775321,0.013251454427925,0.9639319494014352,False,False,,False
hsa-miR-132-3p,1172.0854598181818,645.7418173499999,-0.8600484021007588,0.013251454427925,0.9639319494014352,False,False,"SMAD2,RORB,LIFR,RORA,KLF7,BMP2K",True
hsa-miR-331-3p,107.02647187,71.27417755833334,-0.5865162842460174,0.013251454427925,0.9639319494014352,False,False,BMP1,False
hsa-miR-455-5p,596.4019613727273,799.87071035,0.4234818220508707,0.013251454427925,0.9639319494014352,False,False,,False
hsa-miR-212-5p,551.6396868909092,301.42107185000003,-0.8719459762270816,0.0213316095669036,0.9639319494014352,False,False,,False
hsa-miR-758-5p,23.39444743254545,13.431289157499998,-0.8005683695394059,0.0213316095669036,0.9639319494014352,False,False,,False
hsa-miR-302a-5p,13.914399226636364,30.748293193333332,1.1439277104638998,0.0213316095669036,0.9639319494014352,False,False,"BMPR2,SMAD2,RORA",False
hsa-miR-664b-3p,20.464399675272727,10.624656456666663,-0.945700152702314,0.0213316095669036,0.9639319494014352,False,True,"BMP8B,IL6ST,BMPR1B,KLF7,LIF,KLF4,CLOCK,BCHE,IL6R,BMPR1A",True
hsa-miR-23b-5p,64.2632098709091,42.598625526666666,-0.5931861618354102,0.0213316095669036,0.9639319494014352,False,False,,False
hsa-miR-425-5p,602.8872354727272,543.8588342166667,-0.1486559550755561,0.0297349709114414,0.9639319494014352,False,False,"IL6ST,CLOCK,KLF7",False
hsa-miR-488-5p,58.58752679818183,76.53644329,0.3855533097674488,0.0297349709114414,0.9639319494014352,False,False,,False
hsa-miR-5010-3p,60.14284423363637,47.80317150333334,-0.3312867594158195,0.0297349709114414,0.9639319494014352,False,False,"IL6ST,RORA,BMP2K,KLF7,BDNF,STAT1,CLOCK,BMPR1B",True
hsa-miR-425-3p,182.5132050636364,161.9758921333333,-0.1722217446731413,0.0478345184227537,0.9639319494014352,False,False,,False
hsa-miR-93-3p,22.75868818,18.87689085,-0.2697962397571531,0.0478345184227537,0.9639319494014352,False,True,"CLOCK,CHAT",True
hsa-miR-3615,400.71764543,247.51277705,-0.6950830380262429,0.0478345184227537,0.9639319494014352,False,False,,False
hsa-miR-106a-5p,33.463690763636365,39.3093122,0.2322745496851048,0.0478345184227537,0.9639319494014352,False,False,"RORA,BMPR2,CLOCK,STAT3,LHX6,LHX8,ARNTL2,NPAS2,RORB,NTRK2,BMP2,IL6ST,SMAD2,BMP2K",True
hsa-miR-495-3p,1815.413401,2211.0172013333336,0.2844121368954582,0.0478345184227537,0.9639319494014352,False,True,"CLOCK,RORB,RORA,IL6R,BDNF,BMPR1B,SMAD2,BMPR2,STAT3,BMPR1A,BMP3,NKX2-1,STAT1,LIFR,SLC5A7,BMP7,BMP2K,KLF7",True
hsa-miR-369-5p,329.7833073636364,417.55086698333326,0.3404335848874087,0.0478345184227537,0.9639319494014352,False,False,,False
hsa-miR-493-5p,112.94332810363636,138.75055636666667,0.2968945074556188,0.0478345184227537,0.9639319494014352,False,True,"NR1D2,BMP5,RORA,PRIMA1,BMPR1A,CLOCK,STAT5B,KLF4",True
hsa-miR-494-3p,140.58845649636362,200.13977965,0.5095298030699364,0.0478345184227537,0.9639319494014352,False,True,"LIF,BMP4,RORA,CLOCK,BMP2K,STAT1,BMPR2,KLF7,BMPER,IL6ST,BCHE,SLC5A7,BMPR1A,NPAS2",True
hsa-miR-18a-5p,18.38359037681818,11.645704020166669,-0.6586206995938393,0.0478345184227537,0.9639319494014352,False,False,"RORA,SMAD2",False
hsa-miR-181a-3p,846.9040438727275,597.8243248333333,-0.5024769183029729,0.0478345184227537,0.9639319494014352,False,False,,False
hsa-miR-876-3p,89.61350041454547,120.17271371166667,0.423321358392303,0.0478345184227537,0.9639319494014352,False,False,,False
hsa-miR-219a-1-3p,9.877877587454543,6.2414249905,-0.6623256392040431,0.0644796380090497,0.9639319494014352,False,False,"IL6ST,IL6R,SMAD2",False
hsa-miR-330-5p,1811.4442099090911,1399.2188739333333,-0.3725187184894842,0.0644796380090497,0.9639319494014352,False,False,NGFR,False
hsa-miR-873-5p,258.8545237645454,329.1192882,0.3464690477169228,0.0644796380090497,0.9639319494014352,False,True,"BMP7,CLOCK,COLQ,NTRK1,RORB,LIFR",True
hsa-miR-99b-3p,1547.805985818182,1788.5176361666663,0.2085397004254066,0.0644796380090497,0.9639319494014352,False,False,,False
hsa-miR-335-5p,1146.0134238545454,1437.056396166667,0.3264927371218817,0.0644796380090497,0.9639319494014352,False,False,,False
hsa-miR-744-3p,25.28850101090909,18.560530671666665,-0.4462435632996193,0.0644796380090497,0.9639319494014352,False,False,IL6ST,False
hsa-miR-148a-3p,13302.024481545455,20324.793748333333,0.6115948809817979,0.0644796380090497,0.9639319494014352,False,True,"SLC5A7,ACHE,IL6ST",True
hsa-miR-1303,36.53955521636363,59.78007148666668,0.7102055495978323,0.0916289592760181,0.9639319494014352,False,False,,False
hsa-miR-129-5p,42866.69796363637,34509.44632333333,-0.3128659630812382,0.0916289592760181,0.9639319494014352,False,True,"BDNF,CLOCK,KLF7,RORB,BMPR2,RORA,SMAD2,STAT5B,IL6ST,SLC5A7,BMP5,BCHE,STAT3",True
hsa-miR-423-5p,7163.738637272726,6107.941036333334,-0.2300265678295385,0.0916289592760181,0.9639319494014352,False,False,"NTRK2,LHX6,NGFR",False
hsa-miR-346,98.98972188545454,95.11079639,-0.0576696215621206,0.0916289592760181,0.9639319494014352,False,False,,False
hsa-miR-3117-3p,26.87094831454545,18.43379895283333,-0.5436938157929951,0.0916289592760181,0.9639319494014352,False,False,,False
hsa-miR-483-5p,12.210121376363638,16.403376706666666,0.425915288782503,0.0916289592760181,0.9639319494014352,False,False,,False
hsa-miR-30e-3p,6439.503441090908,7050.5458965,0.1307855196901641,0.0916289592760181,0.9639319494014352,False,False,,False
hsa-miR-6511b-1-3p,15.790255548727272,19.84730959333333,0.3299089358668312,0.0916289592760181,0.9639319494014352,False,False,,False
hsa-miR-30a-3p,4529.095104181818,5568.522190833333,0.2980716728173398,0.0916289592760181,0.9639319494014352,False,False,,False
hsa-miR-30a-5p,23196.90080181818,28671.06638666667,0.305663496491384,0.0916289592760181,0.9639319494014352,False,False,"LHX8,RORA,LIFR,CLOCK,SMAD2,BMP2K,KLF7",True
hsa-miR-129-1-5p,42866.34037090909,34509.329228333336,-0.3128588233702114,0.0916289592760181,0.9639319494014352,False,True,"BDNF,CLOCK,KLF7,RORB,BMPR2,RORA,SMAD2,STAT5B,IL6ST,SLC5A7,BMP5,BCHE,STAT3",True
hsa-miR-708-3p,910.9642233545457,1083.5843643333335,0.2503451805802079,0.0916289592760181,0.9639319494014352,False,False,BMP2K,False
hsa-miR-935,233.7341479,270.2182959666667,0.2092568369100513,0.0916289592760181,0.9639319494014352,False,False,,False
hsa-miR-6511b-3p,15.048243786909092,19.338748071666668,0.3618992760656159,0.0916289592760181,0.9639319494014352,False,False,,False
hsa-miR-130b-5p,293.2870362636364,200.0503695333333,-0.5519500095385892,0.0916289592760181,0.9639319494014352,False,True,"RORA,COLQ",True
hsa-miR-339-3p,393.88504520909095,472.2785503166667,0.2618633708464184,0.0916289592760181,0.9639319494014352,False,False,,False
hsa-miR-139-5p,13043.872765454546,16282.275516666668,0.3199300626998855,0.0916289592760181,0.9639319494014352,False,False,,False
hsa-miR-197-3p,233.14252414545456,265.85356806666664,0.1894196596703663,0.0916289592760181,0.9639319494014352,False,False,KLF7,False
hsa-miR-379-5p,21742.16895645455,27382.00271833333,0.3327321011057904,0.0916289592760181,0.9639319494014352,False,False,,False
hsa-miR-132-5p,1294.7628086000002,769.1485165,-0.7513537273679347,0.0916289592760181,0.9639319494014352,False,False,,False
hsa-miR-155-5p,507.8597577272727,458.62806673333336,-0.1471055143931696,0.0916289592760181,0.9639319494014352,False,False,"IL6R,SMAD2,BDNF,RORA,ARNTL,NR1D2",True
hsa-miR-509-3-5p,12.364849469636365,23.0078517815,0.8958816105727436,0.1255656108597285,0.9639319494014352,False,False,"BMPER,SMAD2,GBX2,CLOCK",False
hsa-miR-6511b-5p,14.552078847,11.2533802485,-0.3708668471157335,0.1255656108597285,0.9639319494014352,False,True,"CHAT,CNTFR,LHX8",True
hsa-miR-548p,18.033987076272727,22.405743371666663,0.3131501997818668,0.1255656108597285,0.9639319494014352,False,True,"ARNTL2,BMPER,KLF7,BMPR2,BMP4,RORA,SLC5A7,SMAD2,RORB,IL6ST",True
hsa-miR-433-5p,50.331351478181816,44.78377519833333,-0.1684811869222446,0.1255656108597285,0.9639319494014352,False,False,,False
hsa-miR-134-3p,10.359051106454544,12.156581501166665,0.2308457342941614,0.1255656108597285,0.9639319494014352,False,True,COLQ,True
hsa-miR-516a-2-5p,30.30653746,46.126893521666666,0.6059791026492798,0.1255656108597285,0.9639319494014352,False,False,,False
hsa-miR-6511b-1-5p,14.552078847,11.2533802485,-0.3708668471157335,0.1255656108597285,0.9639319494014352,False,True,"CHAT,CNTFR,LHX8",True
hsa-miR-26b-3p,15.73172619281818,9.988833469833333,-0.6552888717248924,0.1255656108597285,0.9639319494014352,False,False,SMAD2,False
hsa-miR-374a-5p,883.1341671090909,969.3331723,0.1343599927647094,0.1255656108597285,0.9639319494014352,False,False,"BMP2,RORA,SMAD2,LIFR,BMPR2,KLF7,RORB,NTRK2",True
hsa-miR-548ah-3p,18.12418557627273,22.531171878333332,0.3140061841363097,0.1255656108597285,0.9639319494014352,False,False,"RORB,RORA,BMP3,SMAD2,BMPR1A,LIFR,CLOCK,IL6R,ARNTL2,BMPR2,NKX2-1,KLF7,STAT1,BMP7,BMPR1B,NPAS2",True
hsa-miR-3173-5p,15.520885657363635,8.468508890999999,-0.8740310116388379,0.1255656108597285,0.9639319494014352,False,False,STAT3,False
hsa-miR-125b-2-5p,48617.20445454545,40706.05637333333,-0.2562234800146541,0.1255656108597285,0.9639319494014352,False,False,"RORA,IL6R,LIFR,RORB,STAT3",True
hsa-miR-3605-3p,79.35736774545454,51.984383555,-0.6102858794394468,0.1255656108597285,0.9639319494014352,False,False,,False
hsa-miR-516a-5p,30.30653746,46.126893521666666,0.6059791026492798,0.1255656108597285,0.9639319494014352,False,False,,False
hsa-miR-125b-5p,48681.85224181818,40765.955818333336,-0.2560192190599597,0.1255656108597285,0.9639319494014352,False,False,"RORA,IL6R,LIFR,RORB,STAT3",True
hsa-let-7a-3-3p,169.91694844545452,139.06835813333333,-0.2890355574735457,0.1255656108597285,0.9639319494014352,False,False,"BMPR1B,BMPR2,LIFR,ARNTL,CLOCK",True
hsa-let-7a-3p,170.1882293090909,139.06835813333333,-0.2913370551587118,0.1255656108597285,0.9639319494014352,False,False,"BMPR1B,BMPR2,LIFR,ARNTL,CLOCK",True
hsa-miR-760,245.20705074545455,205.25855221666663,-0.2565581292613208,0.1255656108597285,0.9639319494014352,False,False,,False
hsa-miR-20b-5p,54.04416601090909,67.69655895333334,0.3249436132890144,0.1255656108597285,0.9639319494014352,False,False,"LHX8,LHX6,STAT3,ARNTL2,NTRK2",True
hsa-miR-148a-5p,21.46394217163637,33.48607407166667,0.641646170694127,0.1556237879767291,0.9639319494014352,False,True,"RORA,SMAD2,PRIMA1",True
hsa-miR-455-3p,10.694001099727272,14.762239225,0.4651098444252968,0.1556237879767291,0.9639319494014352,False,True,"SMAD2,BCHE",True
hsa-miR-1185-5p,32.15381747027273,25.783962201666668,-0.3185160534886,0.1556237879767291,0.9639319494014352,False,False,,False
hsa-miR-95-3p,8421.208576181818,9686.909340666669,0.202009141989139,0.1556237879767291,0.9639319494014352,False,False,,False
hsa-miR-1185-2-5p,32.15381747027273,25.783962201666668,-0.3185160534886,0.1556237879767291,0.9639319494014352,False,False,,False
hsa-miR-136-5p,459.9291862181819,540.6799721666666,0.2333631659264945,0.1556237879767291,0.9639319494014352,False,False,"NTRK2,ARNTL",False
hsa-miR-769-3p,30.71779484,28.044412955,-0.1313612681622151,0.1556237879767291,0.9639319494014352,False,False,KLF7,False
hsa-miR-135b-5p,34.64206414909091,32.424684930000005,-0.0954323397736542,0.1556237879767291,0.9639319494014352,False,True,"RORB,PCYT1A,RORA,SMAD2,KLF4,IL6ST,PRIMA1",True
hsa-miR-323a-5p,80.74042358090908,89.87303131666665,0.1545971079151886,0.1556237879767291,0.9639319494014352,False,False,BMP1,False
hsa-miR-584-5p,3446.322371854545,1774.4945164166666,-0.9576495426095876,0.1556237879767291,0.9639319494014352,False,False,"NR1D2,RORA",False
hsa-miR-4742-3p,14.863391291909087,10.3444793995,-0.5229022832483383,0.1556237879767291,0.9639319494014352,False,False,"BMPR2,BMP3",False
hsa-miR-424-5p,12.097169431454546,10.2506188215,-0.2389585098313937,0.1556237879767291,0.9639319494014352,False,True,"CHAT,PCYT1A,CLOCK,RORA",True
hsa-miR-382-3p,448.50690029090913,549.8297438000001,0.2938547723264442,0.1556237879767291,0.9639319494014352,False,False,"RORA,RORB,NR1D2,CLOCK",False
hsa-miR-3200-5p,10.717011651272728,8.301561113333333,-0.3684481117564058,0.1556237879767291,0.9639319494014352,False,False,SMAD2,False
hsa-miR-151b,2031.1662419454544,1316.3190888966667,-0.6257990674967306,0.1849547511312217,0.9639319494014352,False,False,,False
hsa-miR-454-5p,16.579046732727274,13.27255245816667,-0.320915213131145,0.1849547511312217,0.9639319494014352,False,False,,False
hsa-miR-105-5p,224.10394457272724,271.1648370666667,0.2750020683609708,0.1849547511312217,0.9639319494014352,False,False,"BMPR1A,RORA",False
hsa-miR-30c-2-3p,350.8421563636364,401.1947522666667,0.1934806262195003,0.1849547511312217,0.9639319494014352,False,True,"PRIMA1,SMAD2",True
hsa-miR-224-5p,252.26542987272725,142.74788833333332,-0.8214731108156608,0.1849547511312217,0.9639319494014352,False,False,"BMPR1B,BMPR2",False
hsa-miR-142-5p,282.2502631272728,352.1832861,0.319351517482815,0.1849547511312217,0.9639319494014352,False,False,"RORA,BMP2K,BMPR2,BMPR1A,BMP2,BMP5,LIFR,ARNTL2,LHX8",True
hsa-miR-6716-3p,32.865066410909094,17.990350259166664,-0.8693316252301644,0.1849547511312217,0.9639319494014352,False,False,,False
hsa-let-7b-3p,85.55396814727271,64.42857768333333,-0.4091340246952732,0.1849547511312217,0.9639319494014352,False,False,"BDNF,BMPR1B,BMPR2,BMP3,CLOCK,LIFR,BMPER",True
hsa-miR-182-5p,226.32119196363635,310.6096990333333,0.4567311996265681,0.1849547511312217,0.9639319494014352,False,False,"CLOCK,BMP5,BMPR1B,KLF7,NR1D2,BMP3",True
hsa-miR-144-5p,77.17905556181817,97.64503235333336,0.3393372597602555,0.1849547511312217,0.9639319494014352,False,False,,False
hsa-miR-541-3p,26.41436263090909,31.95328603,0.2746417048889427,0.1849547511312217,0.9639319494014352,False,True,"LHX8,NPAS2,CNTFR,BMP2,CHAT",True
hsa-miR-151a-5p,15529.470939181816,10016.659892383332,-0.6326071660488015,0.1849547511312217,0.9639319494014352,False,False,NTRK2,False
hsa-miR-548ab,19.85543765090909,20.055802293000003,0.0144855185852339,0.1849547511312217,0.9639319494014352,False,False,,False
hsa-miR-511-5p,27.19294557363636,42.68662548,0.6505516828967028,0.1849547511312217,0.9639319494014352,False,False,"BMPR1B,NTRK2,PCYT1A,KLF4,RORA",True
hsa-miR-3065-5p,26.576642671545457,44.13204275333333,0.7316676615009916,0.1849547511312217,0.9639319494014352,False,False,"NKX2-1,CLOCK,BMPR2,SMAD2,RORA,BMP3",True
hsa-miR-30d-5p,53509.26181272727,57870.884765,0.1130490746986083,0.1849547511312217,0.9639319494014352,False,False,"LHX8,RORA,LIFR,CLOCK,SMAD2,KLF7,BMP2K",True
hsa-miR-105-2-5p,224.10394457272724,271.1648370666667,0.2750020683609708,0.1849547511312217,0.9639319494014352,False,False,"BMPR1A,RORA",False
hsa-miR-1270,53.27284108909091,33.52000934,-0.6683776721608892,0.1849547511312217,0.9639319494014352,False,False,,False
hsa-miR-370-3p,11086.89570218182,13253.267726833334,0.2574926428273567,0.1849547511312217,0.9639319494014352,False,False,BMP1,False
hsa-miR-6733-5p,16.600909,14.082025150999998,-0.2374074155971097,0.1849547511312217,0.9639319494014352,False,False,"RORC,CLOCK,CNTF",False
hsa-miR-1275,43.36505562936363,56.374424868333335,0.3785078498250103,0.232950872656755,0.9639319494014352,False,False,,False
hsa-miR-122-5p,78.33766697454544,129.20572121666666,0.7218918856476142,0.232950872656755,0.9639319494014352,False,False,"NTRK2,BMP1",False
hsa-miR-199a-3p,503.3688249818182,716.9739172666667,0.5103047670143415,0.232950872656755,0.9639319494014352,False,False,"RORB,RORA",False
hsa-let-7d-3p,914.973648090909,701.6166017666668,-0.383047307852209,0.232950872656755,0.9639319494014352,False,False,,False
hsa-miR-6511a-2-5p,14.661923651727273,11.6317381765,-0.3340076976724511,0.232950872656755,0.9639319494014352,False,True,"SMAD2,BMP6,RORC,STAT3,PRIMA1",True
hsa-let-7d-5p,20700.76005909091,18402.740695,-0.1697630985017859,0.232950872656755,0.9639319494014352,False,False,NGF,False
hsa-miR-146a-5p,1892.7824990909091,2311.3393963333333,0.2882204807272064,0.232950872656755,0.9639319494014352,False,False,"KLF7,CNTF",False
hsa-miR-491-5p,72.1953848481818,85.92623889999999,0.2511921332408322,0.232950872656755,0.9639319494014352,False,False,RORB,False
hsa-miR-2-320c,366.7785660727273,278.88858417166665,-0.3952204513909052,0.232950872656755,0.9639319494014352,False,False,,False
hsa-miR-589-5p,95.23984516272726,101.819883955,0.0963821462185752,0.232950872656755,0.9639319494014352,False,False,"BMPR1A,CNTFR,KLF7,CLOCK,BMPER",True
hsa-miR-6511a-3-5p,14.661923651727273,11.6317381765,-0.3340076976724511,0.232950872656755,0.9639319494014352,False,True,"SMAD2,BMP6,RORC,STAT3,PRIMA1",True
hsa-miR-577,239.98141166181813,235.85302272833331,-0.0250345719567901,0.232950872656755,0.9639319494014352,False,False,,False
hsa-miR-1249-3p,206.9665129727273,201.4971423,-0.0386379815124842,0.232950872656755,0.9639319494014352,False,False,,False
hsa-miR-3928-3p,10.630698177818182,7.4637833895,-0.5102573272129542,0.232950872656755,0.9639319494014352,False,False,,False
hsa-miR-6511a-5p,14.661923651727273,11.6317381765,-0.3340076976724511,0.232950872656755,0.9639319494014352,False,True,"SMAD2,BMP6,RORC,STAT3,PRIMA1",True
hsa-miR-34c-3p,32.327442641727274,35.68755777166667,0.1426617926322997,0.232950872656755,0.9639319494014352,False,False,"SMAD2,BDNF",False
hsa-miR-216b-5p,13.372267433909087,21.39533846433333,0.67805238888538,0.232950872656755,0.9639319494014352,False,False,"RORA,BMPR2,NPAS2,NTRK2,RORB",True
hsa-miR-181b-5p,28852.92062909091,21673.369276666668,-0.4127939147889723,0.232950872656755,0.9639319494014352,False,False,NR1D2,False
hsa-miR-508-3p,25.60232949909091,28.97875915,0.1787207372200319,0.232950872656755,0.9639319494014352,False,False,KLF4,False
hsa-miR-199b-3p,503.00538301818193,716.5924945166666,0.5105790936356076,0.232950872656755,0.9639319494014352,False,False,"RORB,RORA",False
hsa-miR-320c,367.4089534363636,279.58797701333333,-0.3940844615703511,0.232950872656755,0.9639319494014352,False,False,,False
hsa-miR-219a-2-3p,41361.06936272727,26795.92877833333,-0.6262596636295932,0.232950872656755,0.9639319494014352,False,False,RORA,False
hsa-miR-490-3p,396.07237290000006,358.07938171666666,-0.1454846225637922,0.232950872656755,0.9639319494014352,False,False,CLOCK,False
hsa-miR-181b-1-5p,28847.070533636364,21666.912041666663,-0.4129312624610595,0.232950872656755,0.9639319494014352,False,False,NR1D2,False
hsa-miR-199a-1-3p,503.00538301818193,716.5924945166666,0.5105790936356076,0.232950872656755,0.9639319494014352,False,False,"RORB,RORA",False
hsa-miR-3912-3p,30.24740853727273,37.20035961,0.2985050236847586,0.232950872656755,0.9639319494014352,False,False,,False
hsa-miR-1298-3p,102.58379645818182,127.5458517,0.3142131083095068,0.232950872656755,0.9639319494014352,False,False,STAT3,False
hsa-miR-195-5p,642.8446228909091,806.3956088666667,0.3270177060446428,0.232950872656755,0.9639319494014352,False,True,"CHAT,BMPR1A,CLOCK,SMAD2,RORB",True
hsa-miR-6511a-4-5p,14.661923651727273,11.6317381765,-0.3340076976724511,0.232950872656755,0.9639319494014352,False,True,"SMAD2,BMP6,RORC,STAT3,PRIMA1",True
hsa-miR-376c-3p,26.744950435454545,32.65031661166667,0.2878304516809224,0.232950872656755,0.9639319494014352,False,False,"RORB,CLOCK,BDNF",False
hsa-miR-1306-3p,13.752600223454545,15.707839090333332,0.191780307550152,0.232950872656755,0.9639319494014352,False,False,,False
hsa-miR-539-3p,243.20369868181817,298.52702331666666,0.2956963636085898,0.232950872656755,0.9639319494014352,False,False,"RORA,NR1D2",False
hsa-miR-29c-5p,294.3503723727273,277.90494345,-0.0829429549314966,0.232950872656755,0.9639319494014352,False,False,,False
hsa-miR-326,68.65504461545454,58.36830602,-0.2341805316339256,0.2843406593406593,0.9639319494014352,False,False,,False
hsa-miR-3909,66.63623824272727,61.16009930166667,-0.1237162106904161,0.2843406593406593,0.9639319494014352,False,False,,False
hsa-miR-3200-3p,38.93124837,34.829743189999995,-0.160608771361427,0.2843406593406593,0.9639319494014352,False,False,,False
hsa-miR-590-3p,18.54670600818182,15.933929706666666,-0.2190608639022992,0.2843406593406593,0.9639319494014352,False,False,"SMAD2,BMPR2,STAT1,RORA,NR1D2,RORB,IL6ST,BMP5,BDNF,BMP3,LIFR,NPAS2,BMPR1B,BMP2K,KLF7,NTRK2",True
hsa-miR-101-2-3p,23865.922330909085,24330.221251666662,0.0277973473956034,0.2843406593406593,0.9639319494014352,False,False,"ARNTL2,RORA,NR1D2,LIFR,KLF7,RORB,BMPR1B,SMAD2,BMP2K",True
hsa-miR-191-3p,31.133594641818185,25.73076404333333,-0.2749778612405258,0.2843406593406593,0.9639319494014352,False,False,,False
hsa-miR-24-1-5p,739.7905294636365,571.2364949833333,-0.3730286789360377,0.2843406593406593,0.9639319494014352,False,False,,False
hsa-miR-1248,104.40454173181818,99.738548035,-0.0659613664318543,0.2843406593406593,0.9639319494014352,False,False,,False
hsa-miR-625-3p,280.4972580009091,180.3230772333333,-0.6374026272632767,0.2843406593406593,0.9639319494014352,False,False,"NTRK2,RORB,LHX8",False
hsa-miR-522-3p,25.66436855090909,33.51996732166666,0.3852539778171522,0.2843406593406593,0.9639319494014352,False,False,"RORA,BMP5,CLOCK,SMAD2,BMPR2,BMPR1A,BMP2K",True
hsa-miR-101-3p,22887.919102727272,23262.19259333333,0.023400781812418,0.2843406593406593,0.9639319494014352,False,False,"ARNTL2,RORA,NR1D2,LIFR,KLF7,RORB,BMPR1B,SMAD2,BMP2K",True
hsa-miR-17-5p,339.6152384636364,296.62833595,-0.1952447733751032,0.2843406593406593,0.9639319494014352,False,False,"LHX6,LHX8,STAT3,ARNTL2,NTRK2",True
hsa-miR-345-5p,160.98190277818182,128.23206625,-0.3281414394749111,0.2843406593406593,0.9639319494014352,False,False,,False
hsa-miR-381-3p,6811.794693909091,8110.992233499998,0.2518434597967793,0.2843406593406593,0.9639319494014352,False,False,"BMPR2,BMPR1B,KLF4,ARNTL,CLOCK,LHX8,BDNF,SMAD2,LIFR,BMP3,NPAS2,BMPER,RORA,KLF16",True
hsa-miR-363-3p,2822.149193454545,3253.2487625,0.2050868852305036,0.2843406593406593,0.9639319494014352,False,True,"KLF4,SLC5A7,RORA,BMPR2",True
hsa-miR-576-3p,52.54892817727273,44.454243305000006,-0.2413402026687245,0.2843406593406593,0.9639319494014352,False,False,RORA,False
hsa-miR-3605-5p,20.539011652727275,15.502664994666668,-0.4058505159851355,0.2843406593406593,0.9639319494014352,False,False,"RORC,BMPR2",False
hsa-miR-219a-1-5p,150.65964920363638,106.33802087,-0.5026355544776173,0.2843406593406593,0.9639319494014352,False,False,,False
hsa-miR-199b-5p,30.909059173636365,41.718316398333336,0.4326511956871046,0.2843406593406593,0.9639319494014352,False,False,"NPAS2,RORB,CLOCK",False
hsa-miR-410-3p,799.229665,744.4039263999999,-0.1025244676299372,0.2843406593406593,0.9639319494014352,False,True,"RORA,BMP2,RORB,BMPR2,SLC5A7,LIFR,SMAD2,STAT3,BMPR1A,BDNF,BMP5,BMPER,LHX8,IL6ST",True
hsa-miR-221-3p,5966.381850909092,6806.692563833334,0.190097635651858,0.2843406593406593,0.9639319494014352,False,False,"GBX2,RORB",False
hsa-miR-6514-5p,13.453621281181816,13.819065579000002,0.0386655144588008,0.2843406593406593,0.9639319494014352,False,False,,False
hsa-miR-374a-3p,196.13108273636365,209.9637196,0.0983218697734011,0.2843406593406593,0.9639319494014352,False,False,"RORA,BMPR2",False
hsa-miR-130b-3p,26.89964468636364,20.02417034,-0.4258446477580726,0.2843406593406593,0.9639319494014352,False,False,"RORB,BMPR2,BMP3",False
hsa-miR-194-1-5p,297.5267818363637,285.6878468166667,-0.0585798730611024,0.2843406593406593,0.9639319494014352,False,False,"STAT5B,IL6ST,LHX6",False
hsa-miR-365a-5p,15.823946182363636,13.688389566833337,-0.2091567004499412,0.3320943762120233,0.9639319494014352,False,False,SMAD2,False
hsa-miR-187-3p,38.20130230363637,52.14936185666667,0.4490277774509499,0.3320943762120233,0.9639319494014352,False,False,GBX2,False
hsa-miR-340-3p,1132.401081081818,981.0702344333334,-0.2069567044440514,0.3320943762120233,0.9639319494014352,False,False,BMPR1A,False
hsa-miR-100-5p,159537.4371145455,129423.90443333331,-0.3017909011630202,0.3320943762120233,0.9639319494014352,False,False,,False
hsa-miR-190b,9.196093910181816,14.533206163,0.6602599062861536,0.3320943762120233,0.9639319494014352,False,False,,False
hsa-miR-625-5p,39.93665872863637,30.986961713333333,-0.3660523308964531,0.3320943762120233,0.9639319494014352,False,True,"BCHE,NKX2-1,NR1D1",True
hsa-miR-429,32.3973683090909,22.37679642833333,-0.5338731175887848,0.3320943762120233,0.9639319494014352,False,False,,False
hsa-miR-550a-1-5p,16.636049555454544,13.3128367615,-0.3214948673906481,0.3320943762120233,0.9639319494014352,False,False,CLOCK,False
hsa-miR-487a-3p,114.41967863,123.98986115,0.1158869565461016,0.3320943762120233,0.9639319494014352,False,False,"RORB,RORA",False
hsa-miR-380-5p,215.36255673727277,265.4522044666667,0.3016846799515171,0.3320943762120233,0.9639319494014352,False,False,,False
hsa-miR-181a-2-3p,669.1899306545455,554.8392941666667,-0.2703457731042498,0.3320943762120233,0.9639319494014352,False,False,"BDNF,STAT1",False
hsa-miR-30d-3p,65.10285287272728,73.18819409166667,0.1688901825733415,0.3320943762120233,0.9639319494014352,False,False,,False
hsa-miR-550a-5p,16.636049555454544,13.3128367615,-0.3214948673906481,0.3320943762120233,0.9639319494014352,False,False,CLOCK,False
hsa-miR-181b-3p,18.039474835272728,17.753835776666666,-0.0230265820341335,0.3320943762120233,0.9639319494014352,False,False,"SMAD2,ARNTL2,IL6ST",False
hsa-miR-153-3p,285.8895667418182,331.4235165333334,0.2132180030671993,0.3320943762120233,0.9639319494014352,False,False,"KLF7,BMPR2",False
hsa-miR-574-3p,183.0587909518182,120.55821758,-0.6025770648578552,0.3320943762120233,0.9639319494014352,False,False,,False
hsa-miR-369-3p,138.1226663190909,142.6823377333333,0.0468566691397196,0.3320943762120233,0.9639319494014352,False,False,"BMPR2,RORA,BMP2,RORB,LIFR,KLF7,BMPER,CLOCK",True
hsa-miR-641,20.044363833636364,22.086766885,0.13998561883787,0.3320943762120233,0.9639319494014352,False,False,,False
hsa-miR-200a-3p,166.98355658363636,132.40549211666664,-0.3347430771111721,0.3320943762120233,0.9639319494014352,False,False,"CLOCK,STAT5B,STAT5A,RORA,BMPR2",True
hsa-miR-99a-5p,155141.88417272727,163916.67736666664,0.0793744177986717,0.3320943762120233,0.9639319494014352,False,False,,False
hsa-miR-136-3p,567.4471349636362,686.6688683666667,0.2751285643955317,0.3320943762120233,0.9639319494014352,False,False,,False
hsa-miR-153-2-3p,285.8895667418182,331.4235165333334,0.2132180030671993,0.3320943762120233,0.9639319494014352,False,False,"KLF7,BMPR2",False
hsa-miR-505-5p,22.347858605454544,18.03083962533333,-0.3096700185527199,0.3320943762120233,0.9639319494014352,False,False,,False
hsa-miR-376a-5p,16.592907793636364,18.869790981666664,0.1855117115823921,0.3320943762120233,0.9639319494014352,False,True,"SLC5A7,LIF",True
hsa-miR-335-3p,1082.6800943727274,944.6462701333334,-0.1967609170161157,0.3320943762120233,0.9639319494014352,False,True,"RORA,LIFR,BMP3,BDNF,SLC5A7,RORB,BMP2,BMPR2,BMP5,BMP7,KLF7,IL6ST,NR1D2",True
hsa-miR-3620-5p,13.963195060545456,8.807482228666666,-0.6648275332020392,0.3939075630252101,0.9639319494014352,False,False,LIFR,False
hsa-miR-195-3p,227.2531118818182,249.74886556666664,0.1361780748401644,0.3939075630252101,0.9639319494014352,False,True,"RORA,BCHE,CLOCK",True
hsa-miR-451a,2431.0448794636363,3913.7954616666666,0.6869918342726304,0.3939075630252101,0.9639319494014352,False,False,,False
hsa-miR-7641,20.43635024818182,22.32814620883333,0.1277259099051724,0.3939075630252101,0.9639319494014352,False,False,,False
hsa-miR-150-5p,298.45992389090907,304.87036212999993,0.0306586813787443,0.3939075630252101,0.9639319494014352,False,False,"RORB,BMP1,NR1D2,NTRK1,BMPR2",True
hsa-miR-193a-5p,114.79848909,116.11221713333332,0.0164161239124549,0.3939075630252101,0.9639319494014352,False,False,"CNTFR,NR1D2,NTRK2",False
hsa-miR-99a-3p,31.28041333,32.40419501333333,0.0509210188869104,0.3939075630252101,0.9639319494014352,False,False,,False
hsa-miR-361-3p,2286.427436727273,2219.6079141666664,-0.0427902815965559,0.3939075630252101,0.9639319494014352,False,False,BMP1,False
hsa-miR-1246,63.75078014545455,42.09395336433333,-0.5988299864123823,0.3939075630252101,0.9639319494014352,False,False,,False
hsa-miR-30b-5p,811.7900426,932.60704705,0.2001626870658057,0.3939075630252101,0.9639319494014352,False,False,"LHX8,RORA,LIFR,CLOCK,SMAD2,BMP2K",True
hsa-miR-7-2-5p,175379.1073509091,210930.75646666667,0.2662925823705357,0.3939075630252101,0.9639319494014352,False,False,"KLF4,BMPR2",False
hsa-miR-361-5p,998.6638328727272,962.1415687999998,-0.0537499375012089,0.3939075630252101,0.9639319494014352,False,False,"ARNTL,BMPR2,SMAD2",False
hsa-miR-7-1-5p,175266.3361,210782.6213166667,0.2662070038290096,0.3939075630252101,0.9639319494014352,False,False,"KLF4,BMPR2",False
hsa-let-7c-3p,45.10517835363637,37.98448105833333,-0.2478829619421825,0.3939075630252101,0.9639319494014352,False,False,"NPAS2,RORA,BMP2,KLF4,NR1D1",True
hsa-miR-219a-5p,364.7603774318182,248.96023875,-0.5510336744319879,0.3939075630252101,0.9639319494014352,False,False,,False
hsa-miR-296-3p,32.048505954545455,23.735105936666667,-0.4332346135365092,0.3939075630252101,0.9639319494014352,False,False,,False
hsa-miR-767-5p,34.64327357545454,47.09929305166667,0.4431301432375427,0.3939075630252101,0.9639319494014352,False,True,"SLC5A7,ACHE",True
hsa-miR-145-5p,955.3226655363636,777.0743089333333,-0.2979355285448921,0.3939075630252101,0.9639319494014352,False,False,,False
hsa-miR-92b-3p,5802.013005181818,6373.237146333333,0.1354728146861887,0.3939075630252101,0.9639319494014352,False,True,"KLF4,RORA,SLC5A7,BMPR2,ARNTL2",True
hsa-miR-221-5p,516.6014300272727,592.9345793333333,0.1988212986191015,0.3939075630252101,0.9639319494014352,False,False,BMP8B,False
hsa-miR-503-5p,24.85555526636364,21.323594073333336,-0.2211177094634306,0.3939075630252101,0.9639319494014352,False,False,BMPR1A,False
hsa-miR-212-3p,71.32351064727273,54.337423755,-0.392431550116874,0.3939075630252101,0.9639319494014352,False,False,"SMAD2,RORB,LIFR,KLF7,BMP2K",True
hsa-miR-140-3p,5864.632177272728,5716.228690666667,-0.0369769911121444,0.3939075630252101,0.9639319494014352,False,False,"NR1D2,BDNF",False
hsa-miR-1273h-3p,31.11031357181818,30.60288530333333,-0.0237252567741412,0.3939075630252101,0.9639319494014352,False,True,"NTRK2,CHAT,BMP7,BDNF",True
hsa-miR-338-5p,13152.961308363634,9150.119381333334,-0.5235251785745358,0.3939075630252101,0.9639319494014352,False,False,"RORA,NR1D1,ARNTL2,BMPR1B,RORB,LIFR,CLOCK,BMP5",True
hsa-let-7b-5p,114805.60801909093,89021.33615333332,-0.3669700564408735,0.3939075630252101,0.9639319494014352,False,False,"NGF,IL6R,CLOCK",False
hsa-miR-676-3p,16.047052650545453,19.0406344515,0.246773208353102,0.3939075630252101,0.9639319494014352,False,False,RORB,False
hsa-miR-592,148.68865967545457,169.70091498333332,0.190699724755885,0.3939075630252101,0.9639319494014352,False,False,,False
hsa-miR-7-5p,175190.69170909087,210691.8878,0.2662086443990468,0.3939075630252101,0.9639319494014352,False,False,"KLF4,BMPR2",False
hsa-miR-330-3p,3147.8755090909094,2546.320456166666,-0.3059644920324391,0.3939075630252101,0.9639319494014352,False,False,"GBX2,BMPR2,LHX6,RORA,BMPR1A",True
hsa-miR-337-3p,25.05832116672727,32.04561043333333,0.3548369902546389,0.3939075630252101,0.9639319494014352,False,False,"STAT3,RORB,BMPR2",False
hsa-miR-1908-5p,56.52935620545455,38.752849175,-0.5446978830347309,0.3939075630252101,0.9639319494014352,False,False,,False
hsa-miR-7706,20.911032055272724,17.664227493000002,-0.2434336098539304,0.4585488041370394,0.9639319494014352,False,False,,False
hsa-miR-320b,796.470878590909,605.64609725,-0.395146596719556,0.4585488041370394,0.9639319494014352,False,False,,False
hsa-miR-4536-5p,12.569424807363635,11.6880192785,-0.1048881688633951,0.4585488041370394,0.9639319494014352,False,False,"ARNTL2,NR1D2",False
hsa-miR-29a-3p,26685.45903636364,27661.15337,0.0518074844986014,0.4585488041370394,0.9639319494014352,False,False,"RORA,CLOCK,KLF4",False
hsa-let-7g-5p,99454.19849818182,99658.7835,0.00296468736963,0.4585488041370394,0.9639319494014352,False,False,"NGF,IL6R,CLOCK",False
hsa-miR-1250-5p,139.03304440090912,91.50628363666664,-0.6034850931575795,0.4585488041370394,0.9639319494014352,False,False,,False
hsa-miR-889-3p,1866.4342011181816,2186.1949856666665,0.2281374309492143,0.4585488041370394,0.9639319494014352,False,True,"RORA,BMPR2,BCHE,SLC5A7,BMP5,CLOCK,LHX8,SMAD2,BMPR1B",True
hsa-miR-142-3p,120.26253625090908,106.223931415,-0.179078458785443,0.4585488041370394,0.9639319494014352,False,False,"ARNTL,LIFR,CLOCK,KLF4",False
hsa-miR-450a-5p,181.1898353,173.5435019,-0.0622046764311434,0.4585488041370394,0.9639319494014352,False,False,,False
hsa-miR-382-5p,4139.392852636364,4444.989241166667,0.1027607518226361,0.4585488041370394,0.9639319494014352,False,True,"SLC5A7,IL6ST,RORA",True
hsa-miR-497-5p,225.0095873636364,249.43056056666668,0.1486517628304868,0.4585488041370394,0.9639319494014352,False,True,"CHAT,RORA,CLOCK,SMAD2",True
hsa-let-7a-3-5p,296361.7320545455,298692.84891666664,0.0113035276040669,0.4585488041370394,0.9639319494014352,False,False,"NGF,IL6R,CLOCK",False
hsa-miR-185-3p,88.42294018636363,84.21779423666665,-0.0702956165987407,0.4585488041370394,0.9639319494014352,False,False,"BMP1,BMPR2",False
hsa-miR-203b-3p,13.93113964690909,10.643370672833331,-0.3883581699570078,0.4585488041370394,0.9639319494014352,False,False,"LHX6,SMAD2,BMPR2",False
hsa-miR-3612,10.806874441636364,8.901980593666666,-0.2797510670944976,0.4585488041370394,0.9639319494014352,False,False,,False
hsa-let-7e-3p,101.90382302181818,94.49238174833332,-0.1089382517887003,0.4585488041370394,0.9639319494014352,False,False,,False
hsa-miR-107,1217.8026092272728,1206.3169405833337,-0.0136713069243583,0.4585488041370394,0.9639319494014352,False,False,,False
hsa-miR-338-3p,4790.214592181817,3254.936275,-0.5574609886593169,0.4585488041370394,0.9639319494014352,False,False,NTRK1,False
hsa-miR-548e-3p,9.653706179818183,7.7393079563333345,-0.3188783502620138,0.4585488041370394,0.9639319494014352,False,False,"RORB,RORA,BMPR2,IL6R,BMP3,STAT1,BMPR1A,CLOCK,SMAD2,KLF7,BMP2K,ARNTL2,KLF4",True
hsa-miR-31-5p,80.34836703818183,82.56566800166667,0.0392733093249066,0.4585488041370394,0.9639319494014352,False,False,,False
hsa-miR-16-2-3p,239.6707704727273,243.33754378333333,0.0219049533626796,0.4585488041370394,0.9639319494014352,False,True,"BCHE,CLOCK,RORA",True
hsa-miR-24-3p,24746.44698363636,21692.905485,-0.1899981061315188,0.4585488041370394,0.9639319494014352,False,True,"GBX2,BMP8B,PRIMA1",True
hsa-miR-20a-5p,568.9289905363637,532.8216877833333,-0.0945957908108212,0.4585488041370394,0.9639319494014352,False,False,"RORA,NTRK2,BMPR2,LHX6,CLOCK,ARNTL2,LHX8,STAT3,RORC,BMP2,IL6ST,NPAS2,BMP2K",True
hsa-miR-3120-3p,19.506805596090903,12.9628633235,-0.5895931183078811,0.4585488041370394,0.9639319494014352,False,False,"CNTFR,BMPR2,LIFR,STAT3,CLOCK,BDNF,KLF7",True
hsa-miR-342-5p,600.6689801545455,548.73808645,-0.1304524489897467,0.4585488041370394,0.9639319494014352,False,False,,False
hsa-miR-4536-1-5p,12.569424807363635,11.6880192785,-0.1048881688633951,0.4585488041370394,0.9639319494014352,False,False,"ARNTL2,NR1D2",False
hsa-miR-24-1-3p,24752.591198181814,21700.091481666663,-0.1898784353732061,0.4585488041370394,0.9639319494014352,False,True,"GBX2,BMP8B,PRIMA1",True
hsa-miR-9-1-5p,508802.7322727272,565895.4132333334,0.1534290260335353,0.4585488041370394,0.9639319494014352,False,False,"CNTFR,CLOCK,ARNTL2,RORA,LIFR,IL6ST,BMPER",True
hsa-miR-1180-3p,2330.4915060909084,2615.245668,0.1663122203821814,0.4585488041370394,0.9639319494014352,False,False,,False
hsa-miR-22-3p,12979.200848727272,11595.082048666663,-0.162688528143958,0.4585488041370394,0.9639319494014352,False,False,"NTRK2,LHX6",False
hsa-miR-137,543.4060313545453,535.3910241333334,-0.0214376260609459,0.4585488041370394,0.9639319494014352,False,False,,False
hsa-miR-9-5p,508821.0228909092,565919.0576833333,0.1534374424157043,0.4585488041370394,0.9639319494014352,False,False,"CNTFR,CLOCK,ARNTL2,RORA,LIFR,IL6ST,BMPER",True
hsa-miR-4705,21.034177589090916,22.847930696666666,0.1193280968633558,0.4585488041370394,0.9639319494014352,False,False,,False
hsa-miR-21-5p,28827.14285090909,22760.765025,-0.3408788041587485,0.4585488041370394,0.9639319494014352,False,False,"IL6R,BMPR2,STAT3,LIFR,CNTFR",True
hsa-miR-642a-3p,31.008879045,32.381996969,0.0625105838952997,0.4585488041370394,0.9639319494014352,False,False,,False
hsa-miR-3065-3p,8.768609408454545,10.965793270999995,0.3225902084993839,0.4585488041370394,0.9639319494014352,False,False,,False
hsa-let-7a-5p,295226.9077,297610.3626666667,0.0116005432167263,0.4585488041370394,0.9639319494014352,False,False,"NGF,IL6R,CLOCK",False
hsa-miR-15b-3p,9.542682639545454,9.7066249335,0.0245748531489073,0.4585488041370394,0.9639319494014352,False,False,,False
hsa-miR-654-3p,617.5607796727273,730.0810709333333,0.2414755429515835,0.4585488041370394,0.9639319494014352,False,False,,False
hsa-miR-484,948.0167001818182,817.8992375833333,-0.2129893547706842,0.4585488041370394,0.9639319494014352,False,False,,False
hsa-miR-4443,154.67868095454546,225.03473268333332,0.5408733226655631,0.4585488041370394,0.9639319494014352,False,False,,False
hsa-miR-654-5p,144.36609500454546,162.43163756666667,0.1701007014265725,0.4585488041370394,0.9639319494014352,False,False,"LHX8,NPAS2,CNTFR",False
hsa-miR-379-3p,209.19430898181824,226.5498225833333,0.1149847566628592,0.4585488041370394,0.9639319494014352,False,False,"LHX6,RORA,IL6ST,BMPR2",False
hsa-miR-450a-1-5p,181.1819873090909,173.22279395,-0.0648107499817021,0.4585488041370394,0.9639319494014352,False,False,,False
hsa-miR-628-3p,246.34050765454543,257.3107909666667,0.062858080609339,0.4585488041370394,0.9639319494014352,False,False,,False
hsa-miR-1468-5p,134.24161748818182,159.62167979666663,0.2498246073837906,0.4585488041370394,0.9639319494014352,False,False,,False
hsa-miR-9-2-5p,508803.0174363636,565895.2721666667,0.1534278578250152,0.4585488041370394,0.9639319494014352,False,False,"CNTFR,CLOCK,ARNTL2,RORA,LIFR,IL6ST,BMPER",True
hsa-miR-2-320b,797.2623842454545,606.1529485,-0.3953727327633114,0.4585488041370394,0.9639319494014352,False,False,,False
hsa-let-7a-2-5p,295220.6092636364,297602.58810000005,0.0115936338644608,0.4585488041370394,0.9639319494014352,False,False,"NGF,IL6R,CLOCK",False
hsa-miR-423-3p,8035.443268,7550.761361833333,-0.0897554888093505,0.5248060762766644,0.9639319494014352,False,False,,False
hsa-miR-7-1-3p,57.03303573272728,78.51153013333332,0.4611067164971141,0.5248060762766644,0.9639319494014352,False,True,"CLOCK,BMPR1B,RORB,RORA,SLC5A7,BDNF,LIFR,KLF7,SMAD2,BMPR2,IL6ST",True
hsa-miR-2682-5p,500.1317661090909,599.3664203666667,0.2611300173904727,0.5248060762766644,0.9639319494014352,False,False,,False
hsa-miR-3158-3p,15.597714724818182,13.142659851333336,-0.2470773881210108,0.5248060762766644,0.9639319494014352,False,False,RORB,False
hsa-miR-6500-3p,36.04811644181819,36.80388554333333,0.0299342069433778,0.5248060762766644,0.9639319494014352,False,False,"BMP2K,LIFR,BDNF",False
hsa-miR-543,6279.650046999999,6298.722001666666,0.0043749756164039,0.5248060762766644,0.9639319494014352,False,False,,False
hsa-miR-186-5p,3614.2503477272726,3424.245348166666,-0.0779103656426691,0.5248060762766644,0.9639319494014352,False,False,"BMP2K,KLF7,BMP3,BMPR1A,NTRK2,BMP5,RORA,NR1D2,RORB,CLOCK,BMPR2,SMAD2,RORC,IL6ST,BMPR1B",True
hsa-miR-211-5p,127.57096619272728,40.55886386666667,-1.6532108789738666,0.5248060762766644,0.9639319494014352,False,False,BMPR1A,False
hsa-miR-193b-3p,37.05577521636364,30.103528189999995,-0.2997658234888609,0.5248060762766644,0.9639319494014352,False,False,,False
hsa-miR-1292-5p,20.819294700272728,18.806710095000003,-0.1466736983065466,0.5248060762766644,0.9639319494014352,False,False,KLF4,False
hsa-miR-16-1-5p,1897.8776745454545,1700.2516601666666,-0.1586387076751005,0.5248060762766644,0.9639319494014352,False,True,"CHAT,BMPR1A,CLOCK,RORB",True
hsa-miR-656-3p,143.84767709454545,174.01088760000002,0.2746356520683246,0.5248060762766644,0.9639319494014352,False,False,"RORA,SMAD2,RORB,BMPR2,BDNF,BMP3,KLF4,CLOCK,LIFR,BMPR1A,NR1D2,BMP2,STAT1",True
hsa-miR-194-5p,327.4214287272728,315.35424655,-0.0541753842388317,0.5248060762766644,0.9639319494014352,False,False,"STAT5B,IL6ST,LHX6",False
hsa-miR-329-1-3p,755.0426366636362,771.23758295,0.0306172422333261,0.5248060762766644,0.9639319494014352,False,False,"SMAD2,STAT5B,BMPR2,RORA,IL6ST,BMP4,STAT5A,BMP5",True
hsa-miR-329-3p,755.0426366636362,771.23758295,0.0306172422333261,0.5248060762766644,0.9639319494014352,False,False,"SMAD2,STAT5B,BMPR2,RORA,IL6ST,BMP4,STAT5A,BMP5",True
hsa-miR-552-3p,75.8178504790909,106.43723078166666,0.4893934206277306,0.5248060762766644,0.9639319494014352,False,False,,False
hsa-miR-3158-1-3p,15.597714724818182,13.142659851333336,-0.2470773881210108,0.5248060762766644,0.9639319494014352,False,False,RORB,False
hsa-miR-668-3p,124.19659361545456,131.77280034833333,0.0854270049206995,0.5248060762766644,0.9639319494014352,False,False,LIFR,False
hsa-miR-149-5p,1424.0394161454549,1519.8859839166669,0.0939740228429695,0.5248060762766644,0.9639319494014352,False,True,"BMP2K,CHAT,NTRK2",True
hsa-miR-1197,40.93867988272728,46.95454477333333,0.1978002227459372,0.5248060762766644,0.9639319494014352,False,False,,False
hsa-miR-26b-5p,13753.40132690909,12862.968435,-0.0965648356841342,0.5248060762766644,0.9639319494014352,False,False,"BMP2K,BMPR2,BMPR1B,KLF4,SMAD2,ARNTL2",True
hsa-miR-4677-3p,16.687619345727274,19.647660901666665,0.2355794119740428,0.5248060762766644,0.9639319494014352,False,False,ARNTL2,False
hsa-miR-377-3p,83.63453252636363,86.21152391666668,0.0437819764909539,0.5248060762766644,0.9639319494014352,False,True,"COLQ,LIFR",True
hsa-miR-32-3p,26.245126069090908,26.21698336833333,-0.0015478347763799,0.5248060762766644,0.9639319494014352,False,False,"RORA,SMAD2,BMPR2,BMPR1B,BMP3,CLOCK,NPAS2,IL6ST,NGF,ARNTL2",True
hsa-miR-127-5p,484.9478491363636,550.1365373666667,0.1819601133935791,0.5248060762766644,0.9639319494014352,False,False,,False
hsa-miR-16-5p,1894.3241635454544,1696.9088951666663,-0.1587741205443045,0.5248060762766644,0.9639319494014352,False,True,"CHAT,BMPR1A,CLOCK,RORB",True
hsa-miR-6505-5p,33.03347896636363,36.03238521166667,0.1253652390015629,0.5248060762766644,0.9639319494014352,False,False,"NR1D1,KLF7,RORB,KLF4,RORA,BMP2K",True
hsa-miR-377-5p,29.552033035454546,32.19730452333334,0.1236825304403907,0.5248060762766644,0.9639319494014352,False,False,KLF7,False
hsa-miR-421,345.17683363636365,307.47811836666665,-0.1668518971060386,0.5248060762766644,0.9639319494014352,False,False,,False
hsa-miR-139-3p,2871.3227555454546,2917.8678621666672,0.0231990431458903,0.5248060762766644,0.9639319494014352,False,False,BMP1,False
hsa-miR-125a-5p,38556.984238181816,31594.31117833333,-0.2873274021659835,0.5248060762766644,0.9639319494014352,False,False,"RORA,IL6R,LIFR,STAT3,RORB",True
hsa-miR-3124-5p,23.365735169090907,18.53821637033333,-0.3338919865625396,0.5248060762766644,0.9639319494014352,False,False,,False
hsa-miR-4488,69.64746217018183,34.26498047566667,-1.023335919593798,0.5248060762766644,0.9639319494014352,False,False,,False
hsa-miR-885-3p,148.4915162590909,133.16936129666666,-0.1571183130286142,0.5248060762766644,0.9639319494014352,False,False,NR1D1,False
hsa-miR-769-5p,6853.518713363636,6894.164722333332,0.0085308869251541,0.5248060762766644,0.9639319494014352,False,False,SMAD2,False
hsa-miR-1-941,638.237301090909,532.6269754833335,-0.2609674305496163,0.5869424692954105,0.9639319494014352,False,False,,False
hsa-miR-6842-3p,155.83409860727275,144.50672783333331,-0.1088742869408436,0.5869424692954105,0.9639319494014352,False,False,"CLOCK,IL6R,BMP8B",False
hsa-miR-92a-2-3p,6912.318981636363,5459.0667545,-0.340515456106262,0.5869424692954105,0.9639319494014352,False,True,"KLF4,RORA,SLC5A7,BMPR2,ARNTL2,BMP2K",True
hsa-miR-6866-5p,38.063280827272735,38.33171630833333,0.0101386778111551,0.5869424692954105,0.9639319494014352,False,False,,False
hsa-miR-618,38.35342998545455,43.58646085666667,0.1845244590158348,0.5869424692954105,0.9639319494014352,False,False,,False
hsa-miR-1255a,22.73663686318182,35.58492788666666,0.6462474415489838,0.5869424692954105,0.9639319494014352,False,False,,False
hsa-miR-33a-5p,21.05346167590909,19.80009065333333,-0.0885504296203389,0.5869424692954105,0.9639319494014352,False,False,"RORB,RORA",False
hsa-miR-499a-5p,1387.6501536363637,1119.21643965,-0.3101548309471837,0.5869424692954105,0.9639319494014352,False,False,KLF7,False
hsa-miR-582-3p,450.54984185454543,479.1216973,0.0887054359233356,0.5869424692954105,0.9639319494014352,False,True,"BMPR2,ACHE",True
hsa-miR-548o-2-3p,52.89702050272728,42.21829384,-0.3253181863510361,0.5869424692954105,0.9639319494014352,False,True,"SLC5A7,CLOCK,BMPR2,RORA,RORB,BMPR1A",True
hsa-miR-320a,6001.132231,5181.573567333334,-0.2118444294264989,0.5869424692954105,0.9639319494014352,False,False,,False
hsa-miR-454-3p,85.63437515818183,85.41280693666666,-0.0037376301588141,0.5869424692954105,0.9639319494014352,False,False,"KLF7,BMP2K",False
hsa-miR-1298-5p,135.9948750409091,877.5879392333333,2.6899914141752106,0.5869424692954105,0.9639319494014352,False,False,BMP7,False
hsa-miR-2-941,638.237301090909,532.6269754833335,-0.2609674305496163,0.5869424692954105,0.9639319494014352,False,False,,False
hsa-miR-340-5p,15424.167097272728,13791.598046666666,-0.1614029530631686,0.5869424692954105,0.9639319494014352,False,False,"SMAD2,RORA,BMP2K,RORC,ARNTL2,LIFR,BMPR2,NR1D2,RORB,BMPR1A,CLOCK,IL6ST",True
hsa-miR-4-941,638.237301090909,532.6269754833335,-0.2609674305496163,0.5869424692954105,0.9639319494014352,False,False,,False
hsa-miR-222-3p,8711.494869,7797.8997438333345,-0.1598346962518224,0.5869424692954105,0.9639319494014352,False,False,GBX2,False
hsa-miR-548o-3p,52.89702050272728,42.21829384,-0.3253181863510361,0.5869424692954105,0.9639319494014352,False,True,"SLC5A7,CLOCK,BMPR2,RORA,RORB,BMPR1A",True
hsa-miR-25-3p,8478.046361727273,7404.543153333335,-0.1953211290778895,0.5869424692954105,0.9639319494014352,False,True,"KLF4,SLC5A7,RORA,ARNTL2,BMPR2",True
hsa-miR-6516-3p,18.536085862545452,21.523989548333333,0.2156088791998556,0.5869424692954105,0.9639319494014352,False,False,NR1D2,False
hsa-miR-486-2-3p,13.759755613,11.033309118833332,-0.3185892964912837,0.5869424692954105,0.9639319494014352,False,False,"NR1D1,BDNF",False
hsa-miR-1229-3p,14.132412154545454,11.937183462,-0.2435452516474336,0.5869424692954105,0.9639319494014352,False,False,"KLF4,ARNTL",False
hsa-miR-3607-3p,17.32095820090909,19.176940811666668,0.1468538511536365,0.5869424692954105,0.9639319494014352,False,False,,False
hsa-miR-92a-3p,7421.705363,5833.244425166668,-0.3474522007293075,0.5869424692954105,0.9639319494014352,False,True,"KLF4,RORA,SLC5A7,BMPR2,ARNTL2,BMP2K",True
hsa-miR-4798-5p,11.349997491,11.392782851166666,0.0054282105201521,0.5869424692954105,0.9639319494014352,False,False,,False
hsa-let-7f-1-3p,20.419746363636364,17.164302038333332,-0.2505537530534525,0.5869424692954105,0.9639319494014352,False,False,"BMPR1B,BMPR2,BDNF,CLOCK,ARNTL,LIFR",True
hsa-miR-30c-1-3p,105.33077450454547,110.278274495,0.0662215887097925,0.5869424692954105,0.9639319494014352,False,True,"SMAD2,PRIMA1,NTRK2",True
hsa-miR-501-3p,105.51677415454546,118.8525157,0.1717000760217484,0.5869424692954105,0.9639319494014352,False,False,"RORA,KLF7,NR1D2",False
hsa-miR-363-5p,15.740259203545456,19.682043871666668,0.3224207456794516,0.5869424692954105,0.9639319494014352,False,False,,False
hsa-miR-374b-5p,1034.3748102363636,886.9269877833334,-0.2218717960051961,0.5869424692954105,0.9639319494014352,False,True,"BMP2,RORA,BMPER,LIFR,SMAD2,SLC5A7,BMPR1B,BMPR2",True
hsa-miR-151a-3p,37729.07621272727,30551.01218166667,-0.3044565979623908,0.5869424692954105,0.9639319494014352,False,False,,False
hsa-miR-941,638.237301090909,532.6269754833335,-0.2609674305496163,0.5869424692954105,0.9639319494014352,False,False,,False
hsa-miR-5-941,638.237301090909,532.6269754833335,-0.2609674305496163,0.5869424692954105,0.9639319494014352,False,False,,False
hsa-miR-138-2-3p,157.47303919636363,139.00124701666667,-0.1800070215577776,0.5869424692954105,0.9639319494014352,False,False,"STAT3,IL6ST,BMPR1A",False
hsa-miR-532-5p,3295.065398272728,3445.109086833333,0.0642425663533039,0.5869424692954105,0.9639319494014352,False,False,,False
hsa-miR-148b-5p,137.31860003,131.2582127833333,-0.0651193595760686,0.5869424692954105,0.9639319494014352,False,False,"KLF7,RORA,BMPR1A",False
hsa-miR-655-3p,19.85404963209091,23.336347556666663,0.233145474081958,0.5869424692954105,0.9639319494014352,False,False,"BMPR2,RORA,KLF7",False
hsa-miR-92b-5p,177.49890897272726,230.31026195,0.3757685379501296,0.648513251454428,0.9639319494014352,False,False,,False
hsa-miR-885-5p,216.15454734545452,218.25152236500003,0.0139285298774636,0.648513251454428,0.9639319494014352,False,False,"IL6ST,BMP3,RORA",False
hsa-miR-1258,13.772144223636362,13.9109706215,0.014469891545441,0.648513251454428,0.9639319494014352,False,False,,False
hsa-miR-6868-3p,19.894251675818182,19.09106716166667,-0.0594538834820443,0.648513251454428,0.9639319494014352,False,False,"NR1D2,RORC",False
hsa-miR-412-5p,116.65212190636365,159.69778174666666,0.4531317231558169,0.648513251454428,0.9639319494014352,False,False,,False
hsa-miR-10a-5p,269.10210955454545,409.89228163,0.6070911232873062,0.648513251454428,0.9639319494014352,False,False,"RORA,BDNF,KLF4,BMP2K,RORB,KLF7",True
hsa-miR-331-5p,115.95259518909091,115.60141146333336,-0.0043760970961503,0.648513251454428,0.9639319494014352,False,False,,False
hsa-miR-146b-5p,25781.47611,26565.57205,0.0432229123349472,0.648513251454428,0.9639319494014352,False,False,KLF7,False
hsa-miR-486-2-5p,1270.716784418182,1491.8165893333337,0.2314276547389369,0.648513251454428,0.9639319494014352,False,False,"BMPR1A,SMAD2",False
hsa-miR-493-3p,58.66897661181818,59.376147185,0.0172856557088172,0.648513251454428,0.9639319494014352,False,False,"RORA,RORB,BMP1",False
hsa-miR-378a-3p,2862.9318740909093,3159.457408,0.142183476677852,0.648513251454428,0.9639319494014352,False,False,"BMP2,IL6ST",False
hsa-miR-34a-5p,255.95253764545456,267.23212135,0.0622171204205699,0.648513251454428,0.9639319494014352,False,False,"BMP3,KLF4,IL6R,CLOCK,RORA",True
hsa-miR-339-5p,35.81006000181818,30.148977556666665,-0.2482558591916674,0.648513251454428,0.9639319494014352,False,False,"LHX6,NTRK2,RORB,PCYT1A,BMPR1B",True
hsa-miR-378a-5p,20.11510373,22.195727878,0.1420028429108804,0.648513251454428,0.9639319494014352,False,False,BMPER,False
hsa-miR-9-2-3p,31357.91038454545,35051.555888333336,0.1606490598814716,0.648513251454428,0.9639319494014352,False,False,"BMPR1A,BMP2K,RORA,NPAS2,SMAD2,BMPR2,BMP5",True
hsa-miR-126-3p,60902.41591636364,66268.54964166666,0.1218248858051982,0.648513251454428,0.9639319494014352,False,False,,False
hsa-miR-539-5p,330.88375973636363,312.37298258,-0.0830548048995982,0.648513251454428,0.9639319494014352,False,False,"KLF7,RORA,LIFR,BMP2",False
hsa-miR-98-5p,13424.682821818184,13513.958171666667,0.0095622920287983,0.648513251454428,0.9639319494014352,False,False,"NGF,IL6R,CLOCK",False
hsa-miR-9-1-3p,31357.91038454545,35051.555888333336,0.1606490598814716,0.648513251454428,0.9639319494014352,False,False,"BMPR1A,BMP2K,RORA,NPAS2,SMAD2,BMPR2,BMP5",True
hsa-miR-2-378d,164.57570587272727,179.197677,0.1228005498190762,0.648513251454428,0.9639319494014352,False,False,,False
hsa-miR-744-5p,14315.860162727276,14860.405928333334,0.0538591685210967,0.648513251454428,0.9639319494014352,False,False,,False
hsa-miR-29b-1-3p,2800.700897,2595.2560543333334,-0.1099110324760506,0.648513251454428,0.9639319494014352,False,False,"RORA,CLOCK,KLF4",False
hsa-miR-411-5p,4625.916097090908,5267.709861166667,0.1874367867353612,0.648513251454428,0.9639319494014352,False,False,,False
hsa-miR-145-3p,743.5769226909091,955.0064957833332,0.3610285499984531,0.648513251454428,0.9639319494014352,False,False,,False
hsa-miR-1-1-3p,1744.5926000272725,2722.378562533333,0.641977520527373,0.648513251454428,0.9639319494014352,False,False,"BDNF,RORB,CLOCK,BMPR1B,KLF4,BMP3",True
hsa-miR-574-5p,153.48659468454545,131.84606953166667,-0.2192580944223907,0.648513251454428,0.9639319494014352,False,False,"KLF7,BMP1",False
hsa-miR-486-5p,1260.614023872727,1480.5888447333334,0.2320444465855526,0.648513251454428,0.9639319494014352,False,False,"BMPR1A,SMAD2",False
hsa-miR-2110,200.5682950272727,193.13484803333333,-0.0544850703853798,0.648513251454428,0.9639319494014352,False,False,,False
hsa-miR-3064-5p,32.94382714818182,29.156103641666665,-0.1762102315602831,0.648513251454428,0.9639319494014352,False,True,"CHAT,CLOCK,RORA",True
hsa-miR-548ad-5p,13.756536132636365,11.4662160415,-0.2627278810947708,0.648513251454428,0.9639319494014352,False,False,"RORB,RORA,BMP2K,CLOCK,KLF7,STAT3,NTRK2,STAT1,BMPR2",True
hsa-miR-9-3p,31214.45152363637,34861.28429833333,0.1594116035965473,0.648513251454428,0.9639319494014352,False,False,"BMPR1A,BMP2K,RORA,NPAS2,SMAD2,BMPR2,BMP5",True
hsa-miR-1-3p,1802.879659672727,2824.6400357833336,0.6477639246230211,0.648513251454428,0.9639319494014352,False,False,"BDNF,RORB,CLOCK,BMPR1B,KLF4,BMP3",True
hsa-miR-758-3p,315.4514510363636,354.92656946666665,0.170102590206147,0.648513251454428,0.9639319494014352,False,False,"IL6ST,STAT5B,RORA",False
hsa-miR-29b-3p,2801.234927818182,2595.522323,-0.1100380854665079,0.648513251454428,0.9639319494014352,False,False,"RORA,CLOCK,KLF4",False
hsa-miR-1307-5p,219.2846124818182,148.783242805,-0.5595925321770059,0.648513251454428,0.9639319494014352,False,False,,False
hsa-miR-323b-3p,809.1755162545454,748.2095545833332,-0.1130102788818412,0.648513251454428,0.9639319494014352,False,False,RORA,False
hsa-miR-342-3p,1155.456185709091,964.1556325,-0.2611246066545121,0.648513251454428,0.9639319494014352,False,True,"PRIMA1,BMPR2,BMP7",True
hsa-miR-320d,196.13767162727277,161.88298330166668,-0.2769153152059491,0.648513251454428,0.9639319494014352,False,False,,False
hsa-miR-1-7641,16.98729461454545,18.883733071166667,0.1526878870037329,0.648513251454428,0.9639319494014352,False,False,,False
hsa-miR-103a-1-3p,15655.006525454546,16145.347703333337,0.0444944010766992,0.648513251454428,0.9639319494014352,False,False,"CLOCK,NPAS2,BDNF,NTRK1",False
hsa-let-7f-5p,215876.8383909091,232353.00403333336,0.1061098335202928,0.648513251454428,0.9639319494014352,False,False,"NGF,IL6R,CLOCK",False
hsa-let-7f-2-5p,225819.95692727275,244039.7062,0.1119429084398682,0.648513251454428,0.9639319494014352,False,False,"NGF,IL6R,CLOCK",False
hsa-miR-30c-1-5p,16170.641647272729,16455.727655,0.0252128965841471,0.648513251454428,0.9639319494014352,False,False,"LHX8,RORA,LIFR,CLOCK,SMAD2,BMP2K",True
hsa-miR-125a-3p,67.97976551454545,66.79883846833333,-0.0252823689263603,0.648513251454428,0.9639319494014352,False,False,,False
hsa-miR-103a-3p,15655.483034545452,16145.84839,0.0444952278249335,0.648513251454428,0.9639319494014352,False,False,"CLOCK,NPAS2,BDNF,NTRK1",False
hsa-miR-181d-5p,3223.187664090909,3492.107195333333,0.1156096562083579,0.648513251454428,0.9639319494014352,False,False,NR1D2,False
hsa-miR-324-5p,75.89819630454545,67.27113878166666,-0.1740779202220057,0.648513251454428,0.9639319494014352,False,False,,False
hsa-miR-874-3p,2094.3157207272725,2371.9864446666666,0.1796168184970863,0.648513251454428,0.9639319494014352,False,False,"BMPR2,BMP1",False
hsa-miR-1-320d,196.13767162727277,161.88298330166668,-0.2769153152059491,0.648513251454428,0.9639319494014352,False,False,,False
hsa-miR-671-5p,60.13385641818184,69.02173934,0.1988733476340876,0.648513251454428,0.9639319494014352,False,False,"RORA,NTRK2",False
hsa-miR-27a-5p,25.37741318909091,26.674413115666667,0.0719115119683095,0.648513251454428,0.9639319494014352,False,False,RORB,False
hsa-miR-128-1-5p,44.95880586272728,45.47227086499999,0.0163833363505769,0.648513251454428,0.9639319494014352,False,False,,False
hsa-miR-144-3p,74.74456313545454,92.10617005833336,0.3013291610446078,0.648513251454428,0.9639319494014352,False,False,"BMPR1B,RORA,ARNTL2,NR1D2,STAT1,LIFR,RORB,BMP2K",True
hsa-miR-204-5p,4159.132277727273,4636.575624866667,0.1567771167622602,0.648513251454428,0.9639319494014352,False,False,BMPR1A,False
hsa-miR-490-5p,39.956884395454544,43.6097304,0.1262059769724501,0.648513251454428,0.9639319494014352,False,False,,False
hsa-miR-6516-5p,79.13430362454545,90.92690878666669,0.2004040882269624,0.648513251454428,0.9639319494014352,False,True,"RORB,NTRK2,KLF7,SLC5A7,BMPR1A",True
hsa-miR-193b-5p,31.34957253545455,30.95990714666667,-0.0180446267772449,0.648513251454428,0.9639319494014352,False,False,RORC,False
hsa-miR-378d,162.93686943636362,178.04701048333334,0.1279451176247068,0.648513251454428,0.9639319494014352,False,False,,False
hsa-miR-30c-5p,16185.70587818182,16469.744553333334,0.0250978943641158,0.648513251454428,0.9639319494014352,False,False,"LHX8,RORA,LIFR,CLOCK,SMAD2,BMP2K",True
hsa-miR-26a-2-3p,16.982925024545455,15.632352688333334,-0.1195500383033558,0.648513251454428,0.9639319494014352,False,False,,False
hsa-miR-138-1-3p,53.46978935818183,50.07688181,-0.0945792620617913,0.648513251454428,0.9639319494014352,False,False,,False
hsa-miR-199a-1-5p,370.3718325090909,515.2621750833333,0.476332306443151,0.709518422753717,0.9639319494014352,False,False,"NPAS2,CLOCK,RORB",False
hsa-miR-149-3p,9.416867376,10.552659822666667,0.1642875629734312,0.709518422753717,0.9639319494014352,False,False,"NR1D1,NGF,IL6R,RORC,CNTFR",True
hsa-miR-671-3p,193.5521915,169.5713857133333,-0.1908298994993176,0.709518422753717,0.9639319494014352,False,False,,False
hsa-miR-431-3p,368.4115187636364,406.4699367,0.1418304822669132,0.709518422753717,0.9639319494014352,False,False,,False
hsa-miR-514a-1-3p,47.80958698363636,51.27011809333333,0.1008182781606858,0.709518422753717,0.9639319494014352,False,False,,False
hsa-miR-1228-5p,13.238043932999998,12.467633944666666,-0.0865022612652621,0.709518422753717,0.9639319494014352,False,False,,False
hsa-miR-24-2-5p,144.63509673636364,172.17149081666665,0.2514285974553942,0.709518422753717,0.9639319494014352,False,False,,False
hsa-miR-1291,68.23701814454546,69.72818430833333,0.0311873105389937,0.709518422753717,0.9639319494014352,False,False,,False
hsa-miR-320e,34.94553442036364,36.611212363,0.0671774386686783,0.709518422753717,0.9639319494014352,False,False,,False
hsa-miR-548az-5p,9.03512280690909,9.437490014333331,0.0628590022550668,0.709518422753717,0.9639319494014352,False,False,"BMPR2,SMAD2,IL6ST,LHX8,CLOCK,RORA,STAT3,BMP3,CNTF,LHX6",True
hsa-miR-191-5p,17804.432587272724,17088.51205166667,-0.05920967625058,0.709518422753717,0.9639319494014352,False,False,BMPR2,False
hsa-miR-1287-5p,93.10041732545454,83.70760708833335,-0.1534288983282001,0.709518422753717,0.9639319494014352,False,False,"BMPR2,KLF7,LHX6",False
hsa-miR-576-5p,15.553284426636363,14.431457479333332,-0.1080022605076731,0.709518422753717,0.9639319494014352,False,False,"RORA,BMPR1A,RORB,BMP3,KLF7",True
hsa-miR-181a-5p,96227.91571363638,74020.81289666667,-0.3785245010709168,0.709518422753717,0.9639319494014352,False,False,NR1D2,False
hsa-miR-199a-5p,370.3718325090909,515.2621750833333,0.476332306443151,0.709518422753717,0.9639319494014352,False,False,"NPAS2,CLOCK,RORB",False
hsa-miR-25-5p,13.59019920409091,14.776104579166663,0.1206993790960466,0.709518422753717,0.9639319494014352,False,False,,False
hsa-miR-4446-3p,16.241813601272728,13.837246009666666,-0.2311559006503385,0.709518422753717,0.9639319494014352,False,False,NGFR,False
hsa-miR-651-5p,39.64401828545454,55.94941245,0.497019780558352,0.709518422753717,0.9639319494014352,False,False,BMPR1B,False
hsa-miR-124-3-5p,231.66867986363636,245.1094488333334,0.0813630862052221,0.709518422753717,0.9639319494014352,False,False,"RORA,BMP2",False
hsa-miR-125b-2-3p,2364.108623181818,2409.3208618333333,0.0273302133672252,0.709518422753717,0.9639319494014352,False,False,"BMP2K,LIFR,LHX8,GBX2",False
hsa-miR-324-3p,16.963625347363635,18.629511113333333,0.1351452891725557,0.709518422753717,0.9639319494014352,False,False,,False
hsa-miR-30e-5p,6843.362246181819,7297.384930666667,0.0926742397306501,0.709518422753717,0.9639319494014352,False,False,"LHX8,RORA,LIFR,CLOCK,SMAD2,BMP2K,KLF7",True
hsa-miR-183-5p,157.69609913999997,180.32828346666668,0.19347871978899,0.709518422753717,0.9639319494014352,False,False,"NTRK2,BMP2K,RORA",False
hsa-miR-23a-3p,1955.586779909091,2463.4484950166666,0.3330777509307765,0.709518422753717,0.9639319494014352,False,True,"BMP2K,IL6R,RORA,COLQ,LIFR",True
hsa-miR-514a-3p,47.80958698363636,51.27011809333333,0.1008182781606858,0.709518422753717,0.9639319494014352,False,False,,False
hsa-miR-138-5p,913.7128173454548,900.3582648333332,-0.0212416094671947,0.709518422753717,0.9639319494014352,False,False,"BMP1,IL6R,BMP4",False
hsa-miR-181a-1-5p,96227.91571363638,74020.81289666667,-0.3785245010709168,0.709518422753717,0.9639319494014352,False,False,NR1D2,False
hsa-miR-10b-5p,401.4018164454546,556.1175094,0.4703426159375876,0.709518422753717,0.9639319494014352,False,False,"RORA,BDNF,BMP2K,RORB,KLF4,KLF7",True
hsa-miR-184,486.8880263454546,515.8362097166666,0.083323026343141,0.709518422753717,0.9639319494014352,False,False,,False
hsa-miR-514a-2-3p,47.80958698363636,51.27011809333333,0.1008182781606858,0.709518422753717,0.9639319494014352,False,False,,False
hsa-miR-124-5p,231.54827042727268,245.1619615833334,0.0824221724756784,0.709518422753717,0.9639319494014352,False,False,"RORA,BMP2",False
hsa-miR-124-2-5p,231.6917039818181,245.0365330833334,0.0807904725374042,0.709518422753717,0.9639319494014352,False,False,"RORA,BMP2",False
hsa-miR-5701,10.117487552909092,9.127287345166666,-0.148593018022884,0.709518422753717,0.9639319494014352,False,False,,False
hsa-miR-708-5p,668.1674719636363,744.7203891166668,0.1564891060707971,0.709518422753717,0.9639319494014352,False,False,"CNTFR,NTRK2",False
hsa-miR-502-3p,57.471291197272734,64.036127775,0.156044609305594,0.709518422753717,0.9639319494014352,False,False,"RORA,NR1D2,KLF7",False
hsa-miR-2-5701,10.117487552909092,9.127287345166666,-0.148593018022884,0.709518422753717,0.9639319494014352,False,False,,False
hsa-miR-203a-3p,663.7810499454546,665.5970919833333,0.0039416873036479,0.709518422753717,0.9639319494014352,False,False,"BMPR1B,NR1D2,NTRK2",False
hsa-miR-1306-5p,17.455816626818184,15.72728734666667,-0.1504379961780744,0.709518422753717,0.9639319494014352,False,False,BMP1,False
hsa-miR-3-5701,10.117487552909092,9.127287345166666,-0.148593018022884,0.709518422753717,0.9639319494014352,False,False,,False
hsa-miR-19a-3p,25.26281358181819,26.710879696666662,0.0804121659275285,0.709518422753717,0.9639319494014352,False,False,"RORA,CNTFR,CLOCK,NPAS2,BMPR2,RORB",True
hsa-miR-27b-3p,75993.81848636364,62338.58901166668,-0.2857565701780054,0.709518422753717,0.9639319494014352,False,True,"NGFR,LIFR,COLQ,RORA,LHX8,BMPR2,BMP1,IL6ST,NR1D2,BMP3,BMP2K,BMPR1A",True
hsa-let-7c-5p,89500.0376909091,88346.04209333332,-0.0187227865135035,0.709518422753717,0.9639319494014352,False,False,"NGF,IL6R,CLOCK",False
hsa-miR-129-2-3p,149.62854624818183,163.07239592833335,0.1241271506417538,0.709518422753717,0.9639319494014352,False,False,BMP1,False
hsa-miR-548ae-5p,12.901455246727272,11.483235541333334,-0.1680046104691945,0.709518422753717,0.9639319494014352,False,False,"RORB,RORA,BMP2K,CLOCK,KLF7,STAT3,NTRK2,STAT1,BMPR2",True
hsa-miR-487b-3p,1085.3252009090909,1159.05695505,0.094824072165041,0.709518422753717,0.9639319494014352,False,False,,False
hsa-miR-766-3p,20.13537246454545,20.885994044666667,0.0528036489983634,0.709518422753717,0.9639319494014352,False,False,"RORC,BDNF",False
hsa-miR-485-3p,662.8476249818182,542.8535175333333,-0.2881143058652267,0.7699579831932774,0.9639319494014352,False,False,NR1D2,False
hsa-miR-652-3p,424.9932783727273,442.4194712833334,0.0579748572993601,0.7699579831932774,0.9639319494014352,False,False,,False
hsa-miR-3177-3p,29.37397736272727,30.706716851666663,0.064015642259795,0.7699579831932774,0.9639319494014352,False,False,,False
hsa-miR-3913-5p,9.634832241363638,10.316716645,0.0986524456266764,0.7699579831932774,0.9639319494014352,False,False,"SMAD2,BMP2K",False
hsa-miR-1278,9.920331905363636,9.494148035833332,-0.063349844875336,0.7699579831932774,0.9639319494014352,False,False,,False
hsa-miR-1343-3p,36.43538908545455,31.103672011666664,-0.2282554860860317,0.7699579831932774,0.9639319494014352,False,False,CNTFR,False
hsa-miR-22-5p,441.7662923454545,452.1838384333333,0.0336260870767777,0.7699579831932774,0.9639319494014352,False,False,"NR1D2,CLOCK",False
hsa-miR-26a-2-5p,381761.4294545455,401531.5331833333,0.0728419401758166,0.7699579831932774,0.9639319494014352,False,False,"BMP2K,BMPR1B,KLF4,SMAD2,ARNTL2",True
hsa-miR-664a-3p,90.88579863272729,85.799492525,-0.0830857689115553,0.7699579831932774,0.9639319494014352,False,True,"LIF,BMPR2,BCHE,BMP8B,LIFR,RORA,SMAD2,SLC5A7,NTRK2",True
hsa-miR-26a-5p,381755.2570727272,401526.09915,0.0728457415870948,0.7699579831932774,0.9639319494014352,False,False,"BMP2K,BMPR1B,KLF4,SMAD2,ARNTL2",True
hsa-miR-424-3p,84.81722872545456,88.133051255,0.0553258077065184,0.7699579831932774,0.9639319494014352,False,False,,False
hsa-miR-125b-1-3p,1155.796589009091,1162.845818666667,0.0087723056985495,0.7699579831932774,0.9639319494014352,False,False,,False
hsa-miR-99b-5p,24351.152111818177,25360.416407,0.0585884027873842,0.7699579831932774,0.9639319494014352,False,False,,False
hsa-let-7i-3p,32.24492938181818,24.29495237833333,-0.4084157054024082,0.7699579831932774,0.9639319494014352,False,False,,False
hsa-let-7i-5p,113919.27636090908,115358.67843,0.0181146548641351,0.7699579831932774,0.9639319494014352,False,False,"NGF,IL6R,CLOCK",False
hsa-miR-585-3p,24.617986519181816,21.233460004,-0.2133732916935704,0.7699579831932774,0.9639319494014352,False,False,,False
hsa-miR-329-1-5p,70.67716157727273,68.22375711833332,-0.0509698947333454,0.7699579831932774,0.9639319494014352,False,False,,False
hsa-miR-548ay-5p,31.826328089090907,29.26342686,-0.1211219934625411,0.7699579831932774,0.9639319494014352,False,False,"RORB,RORA,BMP2K,CLOCK,KLF7,STAT1,NTRK2,STAT3,BMPR2",True
hsa-miR-6882-5p,11.44262847409091,12.207990435666666,0.0934072468703917,0.7699579831932774,0.9639319494014352,False,False,"BDNF,CLOCK,RORA",False
hsa-miR-23b-3p,7173.0604964545455,6370.894466000001,-0.1710928589146227,0.7699579831932774,0.9639319494014352,False,True,"BMP2K,IL6R,RORA,COLQ,LIFR",True
hsa-miR-4787-3p,21.691593649727277,23.0532470605,0.0878339196267274,0.7699579831932774,0.9639319494014352,False,False,,False
hsa-miR-329-5p,70.67716157727273,68.22375711833332,-0.0509698947333454,0.7699579831932774,0.9639319494014352,False,False,,False
hsa-miR-28-3p,1981.590811636364,1924.5021636666668,-0.0421737910008648,0.7699579831932774,0.9639319494014352,False,False,BMP2K,False
hsa-miR-370-5p,48.02926093363637,50.05763014000001,0.059676382869231,0.7699579831932774,0.9639319494014352,False,False,,False
hsa-miR-190a-5p,39.63757612545454,41.082491395,0.0516549316176844,0.7699579831932774,0.9639319494014352,False,False,IL6ST,False
hsa-miR-146b-3p,44.266083708181824,44.141411265,-0.0040689861147829,0.7699579831932774,0.9639319494014352,False,False,BMPR2,False
hsa-miR-3913-1-5p,9.634832241363638,10.316716645,0.0986524456266764,0.7699579831932774,0.9639319494014352,False,False,"SMAD2,BMP2K",False
hsa-miR-27a-3p,7690.805467909091,6823.363779333333,-0.1726515675206261,0.7699579831932774,0.9639319494014352,False,True,"NGFR,LIFR,COLQ,RORA,BMPR2,LHX8,BMP1,IL6ST,BMP3,NR1D2,BMP2K,BMPR1A",True
hsa-miR-548d-5p,15.921162228000002,14.7359203205,-0.1116084892594928,0.7699579831932774,0.9639319494014352,False,False,"RORB,RORA,BMP2K,CLOCK,KLF7,STAT1,NTRK2,STAT3,BMPR2",True
hsa-miR-548d-1-5p,15.921162228000002,14.7359203205,-0.1116084892594928,0.7699579831932774,0.9639319494014352,False,False,"RORB,RORA,BMP2K,CLOCK,KLF7,STAT1,NTRK2,STAT3,BMPR2",True
hsa-miR-200a-5p,13.048522731000002,9.652362695166666,-0.434932451384574,0.7699579831932774,0.9639319494014352,False,False,"KLF7,NTRK2",False
hsa-miR-449c-5p,9.238386959999998,8.128765751166666,-0.1846046621327088,0.7699579831932774,0.9639319494014352,False,False,,False
hsa-miR-629-5p,235.3079925636364,265.7208123166667,0.1753609053584668,0.7699579831932774,0.9639319494014352,False,False,,False
hsa-miR-134-5p,1859.518277090909,2081.5785581666664,0.1627490782144161,0.7699579831932774,0.9639319494014352,False,False,"STAT5B,BDNF",False
hsa-miR-660-5p,77.43539039000001,76.36345863,-0.020110627429613,0.8274886877828055,0.9639319494014352,False,True,"CHAT,LIFR",True
hsa-miR-32-5p,114.31344083818182,108.568440825,-0.0743902490540877,0.8274886877828055,0.9639319494014352,False,True,"KLF4,BMPR2,RORA,SLC5A7",True
hsa-miR-1285-3p,14.717843401909091,14.9146183395,0.0191607705102332,0.8274886877828055,0.9639319494014352,False,False,RORC,False
hsa-miR-1307-3p,2217.749800909091,2070.5176183333333,-0.0991051358059778,0.8274886877828055,0.9639319494014352,False,False,,False
hsa-miR-93-5p,666.9862726909091,634.77194855,-0.0714186945756853,0.8274886877828055,0.9639319494014352,False,False,"LHX8,LHX6,STAT3,ARNTL2,NTRK2",True
hsa-miR-504-5p,698.122481390909,774.81871195,0.1503786247828493,0.8274886877828055,0.9639319494014352,False,False,,False
hsa-miR-887-5p,19.75645070636364,16.242562036666666,-0.2825445711767962,0.8274886877828055,0.9639319494014352,False,False,,False
hsa-miR-148b-3p,5303.575843272727,5196.737328,-0.02935926062481,0.8274886877828055,0.9639319494014352,False,True,"SLC5A7,KLF4,BMPR1B,BMPR2,IL6ST",True
hsa-miR-29a-5p,12.868136402090908,11.629809167,-0.1459757098451555,0.8274886877828055,0.9639319494014352,False,False,,False
hsa-miR-138-2-5p,385.2058082636364,438.5815101166666,0.1872155348266329,0.8274886877828055,0.9639319494014352,False,False,"BMP1,IL6R,BMP4",False
hsa-miR-766-5p,19.392600383545457,16.696707189999998,-0.2159426572715936,0.8274886877828055,0.9639319494014352,False,False,RORB,False
hsa-miR-362-5p,41.18236985272727,39.66361557166667,-0.0542106590164825,0.8274886877828055,0.9639319494014352,False,False,,False
hsa-miR-376a-3p,18.03997201818181,19.14682631033333,0.0859081766581315,0.8274886877828055,0.9639319494014352,False,False,BMPR2,False
hsa-miR-1301-3p,1159.2686735363638,1098.175141766667,-0.0781068058796261,0.8274886877828055,0.9639319494014352,False,True,"CHAT,BMP5,SMAD2,STAT5A",True
hsa-miR-210-3p,65.85370196999999,60.572301431666666,-0.1206063166318189,0.8274886877828055,0.9639319494014352,False,False,,False
hsa-miR-664a-5p,237.46870250000003,218.08377505,-0.1228549434275203,0.8274886877828055,0.9639319494014352,False,False,"KLF7,CLOCK,BMP8B",False
hsa-miR-376a-1-3p,18.03997201818181,19.14682631033333,0.0859081766581315,0.8274886877828055,0.9639319494014352,False,False,BMPR2,False
hsa-miR-127-3p,2722.3629808181818,2837.5741473333333,0.0597986527686611,0.8274886877828055,0.9639319494014352,False,False,,False
hsa-miR-2277-5p,35.94805835545455,35.06512025,-0.0358771736990739,0.8274886877828055,0.9639319494014352,False,False,,False
hsa-miR-1252-5p,26.208482105454543,27.636657560000003,0.0765493427341903,0.8274886877828055,0.9639319494014352,False,False,"STAT1,ARNTL2,CLOCK,LIFR,BMPR1A",True
hsa-miR-181c-3p,169.89225086363635,159.80131325,-0.0883407853152604,0.8274886877828055,0.9639319494014352,False,False,,False
hsa-miR-3613-5p,140.6546300509091,123.5086929,-0.1875444574384142,0.8274886877828055,0.9639319494014352,False,False,"BMP1,CLOCK",False
hsa-miR-383-5p,760.7059572,837.6070191666668,0.1389346290879363,0.8274886877828055,0.9639319494014352,False,False,,False
hsa-miR-299-5p,177.88388074272729,166.70925394833333,-0.0936015943712238,0.8274886877828055,0.9639319494014352,False,False,BMP2K,False
hsa-miR-200b-3p,161.06030304545456,138.6856958333333,-0.2157819585562697,0.8274886877828055,0.9639319494014352,False,False,"BDNF,KLF4,SMAD2,LIFR,CLOCK,CNTFR",True
hsa-miR-450b-5p,42.356952590909096,45.64833725333333,0.1079635137403727,0.8274886877828055,0.9639319494014352,False,True,"NR1D2,CLOCK,KLF7,CHAT,BMP3",True
hsa-miR-4473,12.98214681209091,13.231738406666665,0.0274736411347169,0.8274886877828055,0.9639319494014352,False,False,,False
hsa-miR-30b-3p,68.93286352363636,66.38328427999998,-0.0543719394091519,0.8274886877828055,0.9639319494014352,False,False,BMP1,False
hsa-miR-942-5p,16.537794414181818,12.412324335166668,-0.413993540094709,0.8739495798319328,0.9639319494014352,False,False,"SMAD2,NTRK2,KLF7,BMPR1A,RORB,LHX6,BMPR2",True
hsa-miR-323a-3p,3727.795849363637,3455.855955166667,-0.1092797685362931,0.8739495798319328,0.9639319494014352,False,False,"RORA,SMAD2,CLOCK,BMPR1A",False
hsa-miR-1185-1-3p,45.63024353363635,44.84984975666666,-0.0248872013843888,0.8739495798319328,0.9639319494014352,False,False,"BMP3,BMPER,BMPR2,BMPR1B,LIFR,RORA,BMP7,BMP5,IL6R",True
hsa-miR-542-3p,96.09178999,94.233320915,-0.0281758862763403,0.8739495798319328,0.9639319494014352,False,False,,False
hsa-miR-598-3p,504.80060470909086,523.8730361833333,0.053503569657213,0.8739495798319328,0.9639319494014352,False,False,,False
hsa-miR-154-5p,28.44860211,28.744266073333332,0.0149164309157905,0.8739495798319328,0.9639319494014352,False,False,NTRK2,False
hsa-miR-4326,39.83050585545455,33.01461251,-0.2707690890884748,0.8739495798319328,0.9639319494014352,False,False,,False
hsa-miR-154-3p,29.28784718454545,26.76958215,-0.1297075312783402,0.8739495798319328,0.9639319494014352,False,False,"RORB,RORA",False
hsa-miR-1231,27.54163448272727,28.102789281666663,0.02909914910341,0.8739495798319328,0.9639319494014352,False,False,,False
hsa-miR-328-3p,3751.575201636364,3587.8904206666666,-0.0643606489076393,0.8739495798319328,0.9639319494014352,False,False,,False
hsa-miR-223-5p,44.79177094636363,44.95077472833333,0.0051122732488479,0.8739495798319328,0.9639319494014352,False,False,LIFR,False
hsa-miR-19b-1-3p,129.5021257272727,126.23124762333336,-0.0369066962372066,0.8739495798319328,0.9639319494014352,False,False,"RORA,CNTFR,CLOCK,NPAS2,BMPR2,RORB",True
hsa-miR-1299,525.9760434581818,414.129046395,-0.3449166960874716,0.8739495798319328,0.9639319494014352,False,False,,False
hsa-miR-106b-3p,448.2246919454546,409.4785471166667,-0.1304342566961036,0.8739495798319328,0.9639319494014352,False,False,,False
hsa-miR-374b-3p,89.84461585272727,84.07195658,-0.0958074005983391,0.8739495798319328,0.9639319494014352,False,False,BMPR1A,False
hsa-miR-488-3p,259.2823859818182,249.36886048333332,-0.056242879572335,0.8739495798319328,0.9639319494014352,False,True,"IL6ST,CLOCK,PRIMA1,LIFR,BMPR1A,PCYT1A,BMPR2,SMAD2",True
hsa-miR-301a-5p,54.47783407636364,49.67881477666666,-0.1330385914297398,0.8739495798319328,0.9639319494014352,False,False,RORA,False
hsa-miR-106b-5p,148.5395350181818,138.96620946666667,-0.0961128423249171,0.8739495798319328,0.9639319494014352,False,False,"RORA,NTRK2,BMPR2,CLOCK,LHX6,LHX8,ARNTL2,STAT3,BMP2,IL6ST,NPAS2,BMP2K,RORC",True
hsa-miR-301a-3p,9.303282214181818,9.628784378666666,0.0496138798657987,0.8739495798319328,0.9639319494014352,False,False,"RORB,BMPR2,CLOCK",False
hsa-miR-1296-5p,247.20160409090911,264.61286198333335,0.0981950831850557,0.8739495798319328,0.9639319494014352,False,False,RORB,False
hsa-miR-19b-3p,129.60955003636363,126.67885120666666,-0.0329963350268203,0.8739495798319328,0.9639319494014352,False,False,"RORA,CNTFR,CLOCK,NPAS2,BMPR2,RORB",True
hsa-miR-887-3p,13.318094534727273,9.942318220833334,-0.4217335008219209,0.8739495798319328,0.9639319494014352,False,False,,False
hsa-miR-628-5p,433.8269385545455,442.54806120000006,0.0287145017763208,0.8739495798319328,0.9639319494014352,False,False,"NR1D2,RORA",False
hsa-miR-505-3p,44.12565959636363,42.94527324333333,-0.0391184937764919,0.918552036199095,0.9639319494014352,False,False,,False
hsa-miR-135a-2-5p,1002.8321124545454,1008.4606914833332,0.0080747509606595,0.918552036199095,0.9639319494014352,False,True,"RORB,PCYT1A,RORA,SMAD2,KLF4,IL6ST,PRIMA1",True
hsa-miR-5002-5p,8.84448131381818,8.444555754999998,-0.066756009509322,0.918552036199095,0.9639319494014352,False,False,"BMP2K,RORB,CLOCK,SMAD2,KLF7",True
hsa-miR-6511a-3-3p,13.889427920545454,15.294022271333334,0.1389807014213957,0.918552036199095,0.9639319494014352,False,False,IL6ST,False
hsa-miR-128-2-3p,413583.489909091,394114.30438333336,-0.0695644819218657,0.918552036199095,0.9639319494014352,False,False,"NGFR,BMPR2,NTRK2,BMP1,LIFR",True
hsa-miR-124-3p,9885.771603090909,10493.079537833331,0.0860126656390498,0.918552036199095,0.9639319494014352,False,False,"BMP6,BMPR1A,BMPR1B,KLF4,CLOCK",True
hsa-miR-6859-4-5p,12.53856403781818,12.538258933,-3.510597882927513e-05,0.918552036199095,0.9639319494014352,False,False,"LIF,STAT5B",False
hsa-miR-411-3p,642.200807790909,665.1331259166667,0.0506186441335696,0.918552036199095,0.9639319494014352,False,False,"LHX6,RORA,IL6ST,BMPR2",False
hsa-miR-889-5p,15.245499042727268,14.397710108833332,-0.0825440002327253,0.918552036199095,0.9639319494014352,False,False,,False
hsa-miR-500a-3p,71.79602514636363,76.88076938500001,0.098718799840884,0.918552036199095,0.9639319494014352,False,False,,False
hsa-miR-365b-3p,103.77485735272724,104.4985483,0.0100259516035547,0.918552036199095,0.9639319494014352,False,False,"NR1D2,BDNF,RORA",False
hsa-miR-3149,13.731703205727271,14.638594433666668,0.0922664551748018,0.918552036199095,0.9639319494014352,False,False,,False
hsa-miR-299-3p,122.63961536727274,112.29079487,-0.1271854109377113,0.918552036199095,0.9639319494014352,False,False,"NTRK2,BMPR2",False
hsa-miR-133a-3p,117.0568832018182,135.17971920666665,0.2076689520840879,0.918552036199095,0.9639319494014352,False,False,IL6ST,False
hsa-miR-124-2-3p,9885.771603090909,10493.079537833331,0.0860126656390498,0.918552036199095,0.9639319494014352,False,False,"BMP6,BMPR1A,BMPR1B,KLF4,CLOCK",True
hsa-miR-135a-5p,1002.854516072727,1008.4648964166666,0.0080485365399738,0.918552036199095,0.9639319494014352,False,True,"RORB,PCYT1A,RORA,SMAD2,KLF4,IL6ST,PRIMA1",True
hsa-miR-17-3p,10.064053514,10.145173095,0.0115819816398969,0.918552036199095,0.9639319494014352,False,False,"NTRK2,BDNF",False
hsa-miR-29b-2-5p,83.04483018727274,84.33473291333333,0.0222365630896552,0.918552036199095,0.9639319494014352,False,False,,False
hsa-miR-487a-5p,249.01931392818184,231.30348421666665,-0.1064706439746583,0.918552036199095,0.9639319494014352,False,False,"BMP2,NR1D2",False
hsa-miR-6859-5p,12.53856403781818,12.538258933,-3.510597882927513e-05,0.918552036199095,0.9639319494014352,False,False,"LIF,STAT5B",False
hsa-miR-5680,15.21958899609091,14.587130400666668,-0.0612332971752724,0.918552036199095,0.9639319494014352,False,False,,False
hsa-miR-181c-5p,543.4581101000001,506.42489135,-0.1018205196248764,0.918552036199095,0.9639319494014352,False,False,NR1D2,False
hsa-miR-34b-3p,21.14854336818182,29.14316246466667,0.4625991402922214,0.918552036199095,0.9639319494014352,False,False,IL6R,False
hsa-miR-6511a-3p,13.889427920545454,15.294022271333334,0.1389807014213957,0.918552036199095,0.9639319494014352,False,False,IL6ST,False
hsa-miR-1264,14.989498618363635,18.597815511833332,0.3111810456086377,0.918552036199095,0.9639319494014352,False,False,,False
hsa-miR-6859-1-5p,12.53856403781818,12.538258933,-3.510597882927513e-05,0.918552036199095,0.9639319494014352,False,False,"LIF,STAT5B",False
hsa-miR-365a-3p,103.77485735272724,104.4985483,0.0100259516035547,0.918552036199095,0.9639319494014352,False,False,"NR1D2,BDNF,RORA",False
hsa-miR-140-5p,2607.70755,2644.8139755,0.0203841703015914,0.918552036199095,0.9639319494014352,False,False,"NR1D1,BMP2",False
hsa-miR-133a-1-3p,117.0568832018182,135.17971920666665,0.2076689520840879,0.918552036199095,0.9639319494014352,False,False,IL6ST,False
hsa-miR-6507-5p,11.080295621272729,10.101660665833334,-0.1334038880713968,0.918552036199095,0.9639319494014352,False,False,"ARNTL,BMP2K,NR1D2,BMP5,SMAD2,BMPR2,BMPR1A",True
hsa-miR-124-3-3p,9885.771603090909,10493.079537833331,0.0860126656390498,0.918552036199095,0.9639319494014352,False,False,"BMP6,BMPR1A,BMPR1B,KLF4,CLOCK",True
hsa-miR-6859-2-5p,12.53856403781818,12.538258933,-3.510597882927513e-05,0.918552036199095,0.9639319494014352,False,False,"LIF,STAT5B",False
hsa-miR-7704,48.42563179,57.29973155666666,0.2427575088995519,0.918552036199095,0.9639319494014352,False,False,,False
hsa-miR-215-5p,11.679233110727273,10.281180097666663,-0.1839396762487744,0.918552036199095,0.9639319494014352,False,False,,False
hsa-miR-2355-3p,21.27919645818182,18.921317665,-0.1694311127626004,0.918552036199095,0.9639319494014352,False,True,"COLQ,IL6ST",True
hsa-miR-128-3p,510920.025190909,496283.2171,-0.0419338147969625,0.918552036199095,0.9639319494014352,False,False,"NGFR,BMPR2,NTRK2,BMP1,LIFR",True
hsa-miR-5584-5p,30.802944055454542,22.860365110000004,-0.4302198006221989,0.918552036199095,0.9639319494014352,False,False,"NTRK2,BMP8B,LIFR,SMAD2",False
hsa-miR-659-5p,18.621808865454543,18.73401787333333,0.0086671280077377,0.918552036199095,0.9639319494014352,False,False,BMP8B,False
hsa-miR-15b-5p,56.43179966727273,56.92880615333334,0.0126504861516423,0.918552036199095,0.9639319494014352,False,True,"CHAT,BMPR1A,CLOCK,RORB",True
hsa-miR-4454,14.969406037545452,23.90138817733333,0.6750774327793057,0.918552036199095,0.9639319494014352,False,False,,False
hsa-miR-548k,20.184986005454544,22.866442811166667,0.1799493656244513,0.918552036199095,0.9639319494014352,False,False,,False
hsa-miR-501-5p,9.756687844363638,10.438180436833331,0.0974068695335348,0.918552036199095,0.9639319494014352,False,False,"BMPR1A,IL6R",False
hsa-miR-27b-5p,397.7233118,371.57007865,-0.0981307946830938,0.918552036199095,0.9639319494014352,False,False,"LIFR,CNTFR",False
hsa-miR-223-3p,40.41607161636364,43.03376473,0.0905399566742319,0.918552036199095,0.9639319494014352,False,False,"IL6ST,STAT1,LIF,BMP2K",False
hsa-miR-1224-5p,177.73237104818182,197.6182972333333,0.1530100618192609,0.918552036199095,0.9639319494014352,False,False,"STAT5B,BMP2K",False
hsa-miR-6511a-4-3p,13.889427920545454,15.294022271333334,0.1389807014213957,0.918552036199095,0.9639319494014352,False,False,IL6ST,False
hsa-miR-1277-5p,12.885647424909092,13.528356174666667,0.0702215230332625,0.918552036199095,0.9639319494014352,False,True,"BMP2,RORA,BMP5,PRIMA1,SLC5A7,BDNF,LIFR,BMPR2,SMAD2,IL6ST,BMPR1A,ARNTL2,BMPER,CLOCK,RORB,KLF7,BMP2K,LIF,NR1D2,STAT3,BMPR1B",True
hsa-miR-28-5p,840.7128310363637,864.8255215999999,0.0407960068171888,0.918552036199095,0.9639319494014352,False,False,"CNTFR,NTRK2",False
hsa-miR-6511a-2-3p,13.889427920545454,15.294022271333334,0.1389807014213957,0.918552036199095,0.9639319494014352,False,False,IL6ST,False
hsa-miR-432-5p,1669.7742479727276,1645.0275993333337,-0.0215412758908843,0.918552036199095,0.9639319494014352,False,False,"BMP4,RORB,NR1D1",False
hsa-miR-143-3p,76652.83217818181,90173.18734833336,0.2343594196635692,0.918552036199095,0.9639319494014352,False,False,"LIFR,BMPR1A,ARNTL2",False
hsa-miR-34c-5p,838.9572475818183,1294.6004968,0.6258377632557082,0.9476405946994182,0.9827383945031004,False,True,"KLF4,BMP3,PRIMA1,CLOCK",True
hsa-miR-1271-5p,224.9812486090909,189.3274647333333,-0.248921052569333,0.9476405946994182,0.9827383945031004,False,True,"BMP8B,SLC18A3",True
hsa-miR-486-3p,20.552062390363638,18.818775379166667,-0.1271104263976541,0.9476405946994182,0.9827383945031004,False,False,"NR1D1,BDNF",False
hsa-miR-452-5p,27.680794852727274,25.04858569833333,-0.1441562227023016,0.9476405946994182,0.9827383945031004,False,False,"SMAD2,RORB,RORA",False
hsa-miR-129-1-3p,209.95570830545452,224.85925189833333,0.098937232426179,0.9476405946994182,0.9827383945031004,False,False,BMP1,False
hsa-miR-126-5p,1131.031704881818,1178.22626685,0.0589772500021812,0.9476405946994182,0.9827383945031004,False,False,"NPAS2,RORA,RORB,BMPR1B",False
hsa-miR-185-5p,2370.062025272727,2220.868612333333,-0.0938007705334804,0.9476405946994182,0.9827383945031004,False,False,"RORA,KLF7",False
hsa-let-7e-5p,12888.73873972727,12211.554007166664,-0.0778642867976397,0.9738202973497092,0.9898899392201664,False,False,"NGF,IL6R,CLOCK",False
hsa-miR-1285-2-3p,14.227448964454544,14.090123951166667,-0.0139927012346463,0.9738202973497092,0.9898899392201664,False,False,RORC,False
hsa-miR-152-3p,2135.977662090909,2211.35321,0.0500329195763971,0.9738202973497092,0.9898899392201664,False,True,"KLF4,SLC5A7,IL6ST,BMPR1B,BMPR2",True
hsa-miR-29c-3p,380.8439637454545,379.4344343333333,-0.00534941786551,0.9738202973497092,0.9898899392201664,False,False,"RORA,CLOCK,KLF4",False
hsa-miR-130a-3p,112.82980581818182,116.04760358666668,0.0405685016465158,0.9738202973497092,0.9898899392201664,False,False,"RORB,BMPR2,BMP3",False
hsa-miR-532-3p,13.362125002727272,10.4142069115,-0.3595964845670778,0.9738202973497092,0.9898899392201664,False,False,"BMP1,NTRK1,STAT1",False
hsa-miR-2681-5p,7.879748637545455,8.176271392166667,0.0532934752275813,0.9738202973497092,0.9898899392201664,False,False,"BMPR1B,NR1D2",False
hsa-miR-15a-5p,65.30556308818181,55.16478408,-0.2434583159716741,0.9738202973497092,0.9898899392201664,False,True,"CHAT,BMPR1A,CLOCK,RORB",True
hsa-miR-582-5p,17.139435419090912,17.798913851666665,0.054469618682746,0.9738202973497092,0.9898899392201664,False,False,"NR1D2,RORA,BMP10,BMPR1B",False
hsa-miR-143-5p,124.5306464718182,135.505338325,0.1218488614417445,0.9738202973497092,0.9898899392201664,False,False,RORA,False
hsa-miR-485-5p,3231.323147636364,3349.9430910000005,0.0520115530407387,0.9738202973497092,0.9898899392201664,False,True,"CHAT,BMPR1A",True
hsa-miR-597-3p,17.620062055454547,18.764974576666663,0.0908233303786385,0.9738202973497092,0.9898899392201664,False,False,"ARNTL2,LHX6",False
hsa-miR-200c-3p,56.59934201272728,69.05357230999999,0.2869307692360054,0.9883645765998708,0.998086195386099,False,False,"BDNF,LIFR,SMAD2,KLF4,CLOCK,CNTFR",True
hsa-miR-409-3p,7905.482755727272,7970.090572166668,0.011742554304762,0.9883645765998708,0.998086195386099,False,False,"SMAD2,RORB,LIFR,BMPR2",False
hsa-miR-192-5p,1401.4719132727273,1344.8042205,-0.0595466743732586,0.9883645765998708,0.998086195386099,False,False,,False
hsa-miR-204-3p,84.00948776545454,104.445533985,0.3141266295205422,0.9883645765998708,0.998086195386099,False,False,"NTRK2,BMPR1B",False
hsa-miR-598-5p,12.56711032818182,11.944987792666666,-0.0732475762737987,0.9948287007110534,0.999676793794441,False,False,,False
hsa-miR-375,330.1688385181819,300.78964175000004,-0.1344490784891281,0.9948287007110534,0.999676793794441,False,False,,False
hsa-miR-378c,76.9386561309091,79.17109254333333,0.0412651297452981,0.9948287007110534,0.999676793794441,False,False,,False
hsa-miR-2113,49.38247008454545,50.16730164500001,0.0227483406542381,0.9987071751777634,0.999676793794441,False,False,,False
hsa-miR-433-3p,2899.402846454545,2930.4077546666667,0.0153456268547085,0.9987071751777634,0.999676793794441,False,False,SMAD2,False
hsa-miR-487b-5p,37.86959727636364,38.51149826833333,0.0242491724854181,0.999676793794441,0.999676793794441,False,False,"BMP2,NR1D2",False
