tRF,control_mean,ad_mean,log_fold_change,p_value,adj_p_value,significant
tRF-21-9DH48V7KE,10.292801992190475,23.763396602411763,1.2071052832127513,0.0034025829588150147,0.5513611954633846,False
tRF-21-JMRPFQRDE,155.75626650761902,136.27468262411764,-0.19277264770577318,0.0040059967902496,0.5513611954633846,False
tRF-16-YKISQID,47.681810234285706,35.235450008117645,-0.43641136907638334,0.0053106455147370335,0.5513611954633846,False
tRF-23-F8YKIR9N05,15.826323856000002,12.443104350411764,-0.3469797255637159,0.006423301519302038,0.5513611954633846,False
tRF-19-7P596VJ5,25.53434542866667,18.58802546064706,-0.4580655500572304,0.006423301519302038,0.5513611954633846,False
tRF-23-79MP9PMNDD,11.685790718666665,17.133649199705886,0.5520770983231085,0.009965437446773473,0.5513611954633846,False
tRF-19-3IRW18JD,13.761696361285711,8.319062190705882,-0.7261655101206155,0.009965437446773473,0.5513611954633846,False
tRF-22-Q3V2Y7RZ5,16.691183081095243,14.200724859470588,-0.2331216451184277,0.009965437446773473,0.5513611954633846,False
tRF-18-YKISQID5,54.241952022142854,39.26808762405883,-0.4660517583983852,0.011297992845758942,0.5513611954633846,False
tRF-20-73V2Y8L9,52.559981671904765,38.30055972376471,-0.45659929675432753,0.012418044942869022,0.5513611954633846,False
tRF-21-MN1E8Y7ZD,17.658498032666667,12.376536971941178,-0.5127549414015067,0.014329813327937369,0.5570709188214469,False
tRF-22-1HPSR9O9J,13.870409785047617,10.18165690247059,-0.44603805487519477,0.01514112703051318,0.5570709188214469,False
tRF-18-7P596V03,25.240734339142858,19.206817147411765,-0.39413542086968345,0.017565299242117693,0.5570709188214469,False
tRF-18-JMRPFQDY,82.03565765714286,62.00195088000002,-0.40393751820397394,0.017565299242117693,0.5570709188214469,False
tRF-21-1SS2P46ID,35.830804114761904,25.180943835764708,-0.5088680614945069,0.021372332498348356,0.562000339543149,False
tRF-20-JMRPFQRD,76.59769712952382,53.214300624058815,-0.5254870162917289,0.021372332498348356,0.562000339543149,False
tRF-16-1SS2P40,24.382352214571434,20.006585266529413,-0.2853623639840954,0.022962288790070784,0.562000339543149,False
tRF-18-HR0VX6D2,36.16695001285714,52.95737620470588,0.5501597054644343,0.025980346094227946,0.562000339543149,False
tRF-20-4ZMKQ4R9,20.96855219728571,15.205516610176474,-0.4636324189707177,0.025980346094227946,0.562000339543149,False
tRF-18-YRRHQFD2,34.68476720847619,50.89309827941177,0.5531678208722166,0.025980346094227946,0.562000339543149,False
tRF-23-76DRR4KR0J,64.92335473142857,46.63818360058823,-0.4772259474700018,0.02865178513279787,0.562000339543149,False
tRF-21-83ML5F82D,14.146700347095239,9.885122053941174,-0.517134905826174,0.031644163262564695,0.562000339543149,False
tRF-21-U0EZY9X1B,69.5137506742857,88.76748808411764,0.35273298399953923,0.031644163262564695,0.562000339543149,False
tRF-21-2E489B3RB,14.75245702342857,25.55507125588235,0.7926543585360095,0.031644163262564695,0.562000339543149,False
tRF-16-MEF91S0,21.77955599447619,12.350590250294118,-0.8183945514028048,0.031644163262564695,0.562000339543149,False
tRF-20-S8V0J8O9,15.168764967047618,13.763674347,-0.14023796392823318,0.038031435983902795,0.5628652525617613,False
tRF-20-RX6NMH49,18.38267050980952,13.284274051117647,-0.468626976128089,0.038031435983902795,0.5628652525617613,False
tRF-18-8R6546D2,46.835490013333335,73.52375883705884,0.650608365675299,0.038031435983902795,0.5628652525617613,False
tRF-20-JMRPFQJD,17.9724382127619,17.633280048,-0.027485281897725145,0.038031435983902795,0.5628652525617613,False
tRF-16-0P5830E,45.600308165095235,55.41476811947059,0.2812269338255948,0.038031435983902795,0.5628652525617613,False
tRF-20-U0EZY9X1,53.05848117619048,73.24018611294117,0.46505207887947275,0.04266555347670142,0.6003213874659105,False
tRF-23-JMRPFQRD03,130.62465642238098,101.51462270470589,-0.36373968670134094,0.04600082375184622,0.6003213874659105,False
tRF-20-MEF91SS2,12.163009836523809,10.017121415294117,-0.2800322937536781,0.05137885748582116,0.6003213874659105,False
tRF-22-JMRPFQRD5,89.09293693761906,70.31815388205882,-0.3414138683038601,0.05137885748582116,0.6003213874659105,False
tRF-22-4PW3FJHP1,80.26741481428571,74.48504450411765,-0.107863650424604,0.05137885748582116,0.6003213874659105,False
tRF-18-H5KQBFD2,13.471348631904762,19.90632084170588,0.5633323137174706,0.05137885748582116,0.6003213874659105,False
tRF-18-5BF900R,138.04342676714285,120.57563020117647,-0.1951838420366796,0.05137885748582116,0.6003213874659105,False
tRF-22-S3M8309NF,92.64962303619048,108.1761706835294,0.22352572222417333,0.05137885748582116,0.6003213874659105,False
tRF-16-RPM830D,970.538376252381,1812.4610500294118,0.9010928267258187,0.0614270170110246,0.6818398888223731,False
tRF-19-Q622EV2R,42.31426225542857,57.604729756411764,0.44504325838205183,0.0614270170110246,0.6818398888223731,False
tRF-23-43RX6NMHD5,39.605572322952376,22.538839916529415,-0.8132901638749157,0.07252691015224011,0.685147832076481,False
tRF-16-32VIJM0,16.779367999380955,13.43621854764706,-0.32056121007859684,0.07252691015224011,0.685147832076481,False
tRF-23-2QR7F8YKDE,11.906307212809523,11.009478139588236,-0.1129799398189908,0.07252691015224011,0.685147832076481,False
tRF-18-BS68BFD2,266.73708095238095,371.04591842352943,0.47617933943326385,0.07252691015224011,0.685147832076481,False
tRF-21-Z3M8ZLSSE,51.826857641904766,41.80127089264706,-0.31015311758219344,0.07252691015224011,0.685147832076481,False
tRF-21-YBOZZ7NDD,50.540409158095244,66.35724104235294,0.39281656021475087,0.07252691015224011,0.685147832076481,False
tRF-21-18YKISQID,121.43997771619046,72.36202925882353,-0.7469386597923675,0.07252691015224011,0.685147832076481,False
tRF-18-8R6Q46D2,66.71248707142857,130.18131107588238,0.9644936172762577,0.0790224205470742,0.7005069729945003,False
tRF-22-73V2Y8L95,13.002646870857141,11.942554865764706,-0.12269382916112415,0.08519679401284463,0.7005069729945003,False
tRF-22-8BWS72092,22.289892345238094,27.269843026882352,0.2909167469582865,0.08519679401284463,0.7005069729945003,False
tRF-22-INVDRI2Q2,104.39857714638094,52.60172915941176,-0.9889199188250775,0.08519679401284463,0.7005069729945003,False
tRF-22-V47P596V5,44.60471100952381,27.208468975235295,-0.7131403129150051,0.08519679401284463,0.7005069729945003,False
tRF-22-YBOZZ7ND2,68.66660864523809,83.25473953411765,0.27792369187205335,0.08519679401284463,0.7005069729945003,False
tRF-20-40KK5Y93,12.022495650190475,17.55960756170588,0.5465241983169102,0.08519679401284463,0.7005069729945003,False
tRF-16-8Y3DUVD,15.543878286857142,18.532820836882355,0.25373597792952296,0.09307984288982762,0.7035835763242009,False
tRF-19-JMRPFQIX,46.0386166327619,35.815666951882356,-0.36225367618920057,0.09307984288982762,0.7035835763242009,False
tRF-22-BZBZOS4Y1,49.913932467047616,52.706980038235294,0.0785514610814051,0.09575595915745005,0.7035835763242009,False
tRF-18-RX6NMHD5,51.742144423809535,31.572266561588236,-0.7126820120153816,0.09575595915745005,0.7035835763242009,False
tRF-21-7O58J0K8E,44.391447455714285,38.69845364117647,-0.19800583226261192,0.10141745244312805,0.7035835763242009,False
tRF-16-3JW261B,19.76714013519048,28.727018418705885,0.5393041027864447,0.10141745244312805,0.7035835763242009,False
tRF-18-H9R8B7D2,743.7495023128573,1174.1595269823529,0.6587397302508862,0.10141745244312805,0.7035835763242009,False
tRF-23-4PW3FJHPW,33.976315109047626,29.697469345235294,-0.19418939621437037,0.10141745244312805,0.7035835763242009,False
tRF-23-YOH9R8B7D2,11.551736446809524,15.038993562882352,0.38059828985416555,0.10141745244312805,0.7035835763242009,False
tRF-18-XSXMSL00,13.461900329714286,20.434126093941178,0.6020984646685799,0.10141745244312805,0.7035835763242009,False
tRF-18-YKIR9N05,16.304528629714287,10.46875401182353,-0.6391829894868506,0.1104126344823485,0.7209295545612168,False
tRF-21-R29P4P9L0,82.84246854238094,98.83503935764706,0.2546520583194676,0.1104126344823485,0.7209295545612168,False
tRF-22-WD8YQ84V2,9.320631723333333,13.824969724588236,0.5687766764200672,0.1104126344823485,0.7209295545612168,False
tRF-21-W7WK6WRND,18.759507809380953,12.338144747470588,-0.6044964998064959,0.1104126344823485,0.7209295545612168,False
tRF-16-ME6KM80,16.933479232428574,27.036199306117652,0.6750139281304506,0.1205494321817312,0.7520026069072895,False
tRF-19-3290Q42E,19.40843048380952,29.009988438411767,0.5798662653066176,0.1205494321817312,0.7520026069072895,False
tRF-22-XSXMSL73O,16.641848092190475,21.891470228470585,0.395553194038885,0.1205494321817312,0.7520026069072895,False
tRF-21-YO0Y3KQ9D,21.584321848666665,31.545620324176472,0.5474559548239357,0.1304148665132011,0.7520026069072895,False
tRF-18-HSQS52D2,32.764507836809535,51.91081724729411,0.6639013398441627,0.1304148665132011,0.7520026069072895,False
tRF-18-S9R8B7D2,22.71709753757143,39.22484630623529,0.7879892744338406,0.1304148665132011,0.7520026069072895,False
tRF-16-3VLIE1B,20.166829110428573,31.080751737,0.6240371354044312,0.1304148665132011,0.7520026069072895,False
tRF-21-INVDRI2QD,125.91401445333337,93.1438253664706,-0.43490682732113317,0.1304148665132011,0.7520026069072895,False
tRF-21-9N15WV7W0,37.9911813562857,33.557501169999995,-0.17902928332943358,0.1304148665132011,0.7520026069072895,False
tRF-23-17NSRJ7K05,15.325652223333336,11.781268710411766,-0.37945356329656477,0.13860365362593874,0.7789876229103393,False
tRF-20-PJ60MV9J,10.10902307704762,8.509592237000001,-0.24848167623083306,0.13860365362593874,0.7789876229103393,False
tRF-18-HSQSD2D2,83.06935471757144,124.61380782982351,0.5850756822739651,0.15166949882308678,0.7834642002914138,False
tRF-23-87R718YKDE,188.89376413142858,172.97566832352942,-0.1270059604569438,0.15166949882308678,0.7834642002914138,False
tRF-19-945NB2HQ,23.511365794904762,35.46114153341176,0.5928806301480813,0.15166949882308678,0.7834642002914138,False
tRF-23-1HPSR9O9DK,22.88428110438095,17.369844557764708,-0.3977721278028685,0.16194713804313077,0.7834642002914138,False
tRF-20-YDZDL9X1,732.8243316714286,677.5658280529412,-0.11310628896139541,0.16194713804313077,0.7834642002914138,False
tRF-22-VP9N15WVN,23.292318926380954,21.11947679017647,-0.14128018380170104,0.16194713804313077,0.7834642002914138,False
tRF-21-FSXMSL73E,13.099895587571428,17.29553272464706,0.4008441384179551,0.17296860156915694,0.7834642002914138,False
tRF-20-I7XUK87S,8.94925587757143,13.603806384529413,0.60417074451661,0.17296860156915694,0.7834642002914138,False
tRF-18-S5S8R6D2,37.722137211904766,50.59486748958824,0.42357962392155724,0.17296860156915694,0.7834642002914138,False
tRF-19-RX6NMHH3,24.111199541333338,22.228436558,-0.11729694769345578,0.17296860156915694,0.7834642002914138,False
tRF-18-R29P4P04,1506.420500452381,1013.2601121882352,-0.5721199650860864,0.17296860156915694,0.7834642002914138,False
tRF-23-YU8R6Q46D2,16.303880522999997,26.864146108235296,0.7204665975183966,0.17296860156915694,0.7834642002914138,False
tRF-22-73VL4YMYP,33.154826057047615,31.314988970000005,-0.08236551529275804,0.17296860156915694,0.7834642002914138,False
tRF-16-3KMB01B,97.10626562666667,144.99452314941178,0.5783621152703109,0.17296860156915694,0.7834642002914138,False
tRF-22-83ML5F923,21.399517516000003,28.69450908217647,0.4231964230937564,0.17296860156915694,0.7834642002914138,False
tRF-22-18Y3E7QNN,12.749417636000002,14.626353671647058,0.19813880295285236,0.1849718404759223,0.7834642002914138,False
tRF-19-S8V0J8HW,16.10133226538095,20.054243050058826,0.31672744691979915,0.1849718404759223,0.7834642002914138,False
tRF-20-43RX6NMH,10.530648175714287,10.52530199752941,-0.0007326104837170888,0.1849718404759223,0.7834642002914138,False
tRF-19-RQ59W3K4,42.43838912114286,45.87755167352941,0.1124185063676153,0.1849718404759223,0.7834642002914138,False
tRF-21-Q622EVUID,33.55973678080953,49.09811027770588,0.5489360978286122,0.1849718404759223,0.7834642002914138,False
tRF-23-3IRW18V60M,19.00046117347619,16.556414410823525,-0.19864417052286143,0.1849718404759223,0.7834642002914138,False
tRF-19-NSRJ7KKK,15.935977447047621,10.557537841647058,-0.5940140925493096,0.19007868783286652,0.7834642002914138,False
tRF-16-W9RKM80,9.030297002904764,15.280391467235294,0.7588361608765668,0.20115972710184948,0.7834642002914138,False
tRF-21-PS5P4PW3B,14.476056152857144,19.398419455764703,0.4222705002366922,0.20115972710184948,0.7834642002914138,False
tRF-16-945NB2D,14.045002694857143,18.892375882352937,0.42774724344129034,0.20115972710184948,0.7834642002914138,False
tRF-16-K8QJP1B,12.078490833333332,22.306770652529412,0.8850414639311408,0.20115972710184948,0.7834642002914138,False
tRF-18-9N1EWJDW,34.80229133771428,45.890356837058825,0.3990087306196797,0.20115972710184948,0.7834642002914138,False
tRF-23-PS5P4PW3X,19.42733023466667,22.96565379970588,0.24139020081549756,0.20115972710184948,0.7834642002914138,False
tRF-16-12Z4R90,63.934228297142866,68.64079308411765,0.10247771221825541,0.20115972710184948,0.7834642002914138,False
tRF-19-XSXMSL24,42.748268837619044,53.43768629941176,0.3219915477099926,0.20115972710184948,0.7834642002914138,False
tRF-16-KJ5R5ND,32.78113573680952,27.160248286882354,-0.27136917086735046,0.20115972710184948,0.7834642002914138,False
tRF-22-NONU3IND2,160.08623365523806,189.82857408,0.2458479203240751,0.20115972710184948,0.7834642002914138,False
tRF-22-79MP9P9MI,26.67899937047619,28.214208753529412,0.08071733340176745,0.20115972710184948,0.7834642002914138,False
tRF-22-DWY2MJ8F5,38.942196932380945,20.483680197941176,-0.9268593360472854,0.20115972710184948,0.7834642002914138,False
tRF-18-B689XXD2,24.419125775000005,33.399793416117646,0.45182762782380426,0.20115972710184948,0.7834642002914138,False
tRF-18-S3M83004,142.1129892842857,185.95605198705883,0.3879232770628622,0.21445221068906684,0.8001410213945015,False
tRF-18-69M8LO04,49.1349924932381,37.75054757264706,-0.3802532645341463,0.21445221068906684,0.8001410213945015,False
tRF-20-V47PU9XW,15.177551001428572,14.37615947864706,-0.07826070285612063,0.21445221068906684,0.8001410213945015,False
tRF-18-ME6KM80E,114.21608018338095,174.4131006682353,0.6107426308834878,0.21445221068906684,0.8001410213945015,False
tRF-23-Q9B1XSRI0J,56.18171983733334,40.60580526752941,-0.468414789852174,0.21445221068906684,0.8001410213945015,False
tRF-18-UIX1Q7DR,83.66605061704762,93.7928155082353,0.1648350815823667,0.2238888826243708,0.8148087203706609,False
tRF-22-76DRR4KR5,21.558865398619048,12.297475026823529,-0.8099191285371354,0.2238888826243708,0.8148087203706609,False
tRF-23-5BF900BYDO,102.54568365761904,86.78991122235296,-0.24066751395912167,0.2238888826243708,0.8148087203706609,False
tRF-16-BS5EOBD,14.130539547714285,20.46210247494118,0.5341378359022331,0.2343959683230622,0.8194630703577922,False
tRF-23-JYSWRYVMDN,12.626940642190478,9.051338964,-0.48030200270211054,0.2343959683230622,0.8194630703577922,False
tRF-18-YSQSD2D2,308.1985713661905,431.78534013999996,0.48645408784494215,0.2343959683230622,0.8194630703577922,False
tRF-19-PRR83OJX,31.347871839238103,30.008990173,-0.06297273202630205,0.2343959683230622,0.8194630703577922,False
tRF-23-S3M8309NS,142.60662695047617,239.86116463235294,0.7501585675282243,0.2343959683230622,0.8194630703577922,False
tRF-16-489B3RB,411.1850261733333,310.30311012411767,-0.4061095710430287,0.24868973756524893,0.8240167423803769,False
tRF-19-88I26WIZ,107.21912562471428,111.31431960588236,0.05407691957803351,0.24868973756524893,0.8240167423803769,False
tRF-23-Q99P9P9NDD,377.01384585238094,557.8940384058824,0.5653736274738499,0.24868973756524893,0.8240167423803769,False
tRF-23-86J8WPMNY,35.5440699077619,26.49840948482353,-0.4237031166153171,0.24868973756524893,0.8240167423803769,False
tRF-22-7OFIZ9WUJ,29.426279416666667,46.07024774117647,0.6467302128594916,0.24868973756524893,0.8240167423803769,False
tRF-18-RXSINH0P,42.31157749680953,31.040479987117646,-0.446901608029731,0.24868973756524893,0.8240167423803769,False
tRF-22-32VIJMRPH,11.83698648552381,9.366424816941176,-0.33773146128143017,0.24868973756524893,0.8240167423803769,False
tRF-18-4RRWRBD2,38.31646989328572,25.965628473588232,-0.5613615063896082,0.26118695302507466,0.8276861078180378,False
tRF-21-43RX6NMHD,11.183209427761906,10.901873714235293,-0.03675816777089791,0.27009983367797696,0.8276861078180378,False
tRF-22-83ML5F823,17.09235076552381,15.396052302000001,-0.15079035185523804,0.27009983367797696,0.8276861078180378,False
tRF-18-BE7XO8DW,78.4862586142857,72.42902979294117,-0.11587203872486729,0.27009983367797696,0.8276861078180378,False
tRF-21-40KK5Y93E,10.53851048914286,11.758799362235296,0.1580697894651104,0.27009983367797696,0.8276861078180378,False
tRF-19-BZOS4YE2,290.4199892285714,404.9298631470588,0.47953128859727734,0.27009983367797696,0.8276861078180378,False
tRF-23-9M739P8WD8,43.79998170095239,34.99309293776471,-0.3238600812534349,0.2852161587751346,0.8276861078180378,False
tRF-23-INVDRI2QD1,43.204280437142856,32.457841262352936,-0.412607202668414,0.2852161587751346,0.8276861078180378,False
tRF-19-D7M4O1J2,22.65080578571429,24.351393774,0.10444197462678684,0.2852161587751346,0.8276861078180378,False
tRF-19-WR645J24,9.058470222571428,11.874300121294118,0.39050314627063276,0.2852161587751346,0.8276861078180378,False
tRF-16-HSRVK7D,9.52178294995238,11.46638185517647,0.2681065818009025,0.2852161587751346,0.8276861078180378,False
tRF-18-LY7L73DD,11.73334574195238,9.871375627823527,-0.2492914029630291,0.2852161587751346,0.8276861078180378,False
tRF-16-JMRPFQD,15.550038697333331,20.76798585282353,0.417443135078972,0.2852161587751346,0.8276861078180378,False
tRF-23-3JVIJMRP9,23.18968713285714,19.49348156964706,-0.25049157433146085,0.2852161587751346,0.8276861078180378,False
tRF-16-PSQP4PE,619.321190564762,532.4342140205883,-0.21808452858818939,0.2852161587751346,0.8276861078180378,False
tRF-21-WE884U1DD,17.37636296809524,23.47363123882353,0.43391489147351336,0.2852161587751346,0.8276861078180378,False
tRF-18-3290Q4DZ,49.171367946761904,64.34535582629411,0.38801753314812526,0.2852161587751346,0.8276861078180378,False
tRF-23-1SS2PMFI0Q,11.969765469952382,14.82219734047059,0.3083644530847214,0.2852161587751346,0.8276861078180378,False
tRF-21-VP9N15WV0,12.073915683190474,11.273830698470588,-0.09891582390849152,0.2852161587751346,0.8276861078180378,False
tRF-21-WB0Q37Q5D,51.54114445285714,59.26561355647058,0.2014707107529814,0.2998591470134987,0.8442048797721035,False
tRF-18-NSRJ7K05,26.362040361666665,19.756842460882353,-0.416109642182259,0.2998591470134987,0.8442048797721035,False
tRF-23-J9ZH0SR9D7,47.39279560095238,66.28163758705882,0.4839414819248242,0.2998591470134987,0.8442048797721035,False
tRF-19-7X9PN5HJ,14.848172175809523,23.123711048941175,0.639087605022167,0.30546247714777197,0.8442048797721035,False
tRF-19-ML5F92H3,12.18214118104762,9.808113108764704,-0.31272020765361264,0.30546247714777197,0.8442048797721035,False
tRF-20-B4ZPEK45,264.1501251442857,432.3962495476471,0.7109959163150883,0.32133023576911146,0.8442048797721035,False
tRF-18-40KK5Y04,29.239433044285718,39.908574225882354,0.4487834004811644,0.32133023576911146,0.8442048797721035,False
tRF-18-1SS2P4DX,23.544389037571428,21.878046467411764,-0.10589936318972715,0.32133023576911146,0.8442048797721035,False
tRF-19-18Y3E7IN,9.678239464380951,12.724915498,0.39483953513543435,0.32133023576911146,0.8442048797721035,False
tRF-22-N6B7P86ZJ,25.25633982719048,35.96567882782353,0.5099752567181888,0.32133023576911146,0.8442048797721035,False
tRF-20-Q1Q89P9L,31.06996271495238,37.98705345758823,0.2899873006163798,0.32133023576911146,0.8442048797721035,False
tRF-18-S4I7MN04,18.386784455523813,18.90855140111765,0.04036964321872816,0.32133023576911146,0.8442048797721035,False
tRF-16-9N1EWJ0,31.932212403666664,40.02674227141176,0.32595168867484237,0.32133023576911146,0.8442048797721035,False
tRF-16-UMX0SW0,130.24267027333335,108.95866759294118,-0.25742121708101795,0.32133023576911146,0.8442048797721035,False
tRF-18-R81XDD0Q,53.12270585171429,64.16460356882351,0.2724490199494225,0.32133023576911146,0.8442048797721035,False
tRF-16-RPM830E,161.39109973047618,294.2831234682353,0.8666437888605838,0.32133023576911146,0.8442048797721035,False
tRF-19-OB9ZFHIW,130.1680638480952,121.75313446588234,-0.09641661898887044,0.3375932310858738,0.866424246255075,False
tRF-18-9N15WV0E,13.987700903904763,14.539270172882354,0.05579599954383374,0.3375932310858738,0.866424246255075,False
tRF-16-YSQSD2D,39.71969857095238,35.274781489999995,-0.1712175283703674,0.3375932310858738,0.866424246255075,False
tRF-18-RPM830D4,59.33771888952382,41.68478524117647,-0.5094285640334144,0.3375932310858738,0.866424246255075,False
tRF-19-18YKISIM,22.57560141766667,18.108696091294117,-0.3180817524416204,0.3465318393476555,0.8712705759641715,False
tRF-18-OB1690DV,16.837823799333332,11.703264827764707,-0.5247946390196754,0.3465318393476555,0.8712705759641715,False
tRF-20-6998NPZJ,23.693779161666665,12.702613319647059,-0.8993829925934151,0.3465318393476555,0.8712705759641715,False
tRF-19-73VL4YHE,27.58831434180952,24.368488237117646,-0.17904055760151216,0.3630294066517381,0.8712705759641715,False
tRF-20-8B3VMKNR,16.81848847390476,24.94175748552941,0.5685150739547069,0.3630294066517381,0.8712705759641715,False
tRF-20-I363U0EZ,18.09993065661905,26.778768471352944,0.5651054439415342,0.3630294066517381,0.8712705759641715,False
tRF-18-OB9ZFHD9,27.319251175952385,26.74160793517647,-0.030831724462952792,0.3630294066517381,0.8712705759641715,False
tRF-23-VP9N15WV0E,26.982106985904757,24.914639100294117,-0.1150093341478513,0.3630294066517381,0.8712705759641715,False
tRF-16-S3M830E,108.02348973809528,123.28396137235295,0.1906400635858443,0.3630294066517381,0.8712705759641715,False
tRF-23-EXEY0VWUD2,339.4905938814286,383.3526435811765,0.17530052573447286,0.3630294066517381,0.8712705759641715,False
tRF-21-S3M8309NB,37.025815170476186,41.93617413941177,0.17966375093111164,0.3630294066517381,0.8712705759641715,False
tRF-16-3JWB61B,63.00035608614286,71.76927847305883,0.18800643382451554,0.3630294066517381,0.8712705759641715,False
tRF-20-V47P596V,11.746729633761905,9.215725433882355,-0.35008951696610735,0.38032453469539673,0.9078714699180438,False
tRF-23-2IUIX1Q7DR,53.79397744876191,62.18065227411765,0.20902108695538946,0.3944485835781276,0.9266411169771888,False
tRF-19-YDZDL9JR,171.56768324476192,124.95070041529412,-0.45741884162732127,0.3944485835781276,0.9266411169771888,False
tRF-18-WR645J00,14.667606583952379,11.976358727764705,-0.2924441353791831,0.3944485835781276,0.9266411169771888,False
tRF-22-739P8WQ0F,20.57817755152381,23.572009662529414,0.19595954302865248,0.4111549803203126,0.9361682628831733,False
tRF-20-9N15WV7W,14.024692747619051,16.032225013176472,0.19300549741581108,0.4111549803203126,0.9361682628831733,False
tRF-23-YJE76INB0J,20.87052000380952,20.927969465882352,0.003965794327791983,0.4111549803203126,0.9361682628831733,False
tRF-16-08F4BDD,30.532200806333332,36.96190860605882,0.2757076703849508,0.4111549803203126,0.9361682628831733,False
tRF-19-9N1EWJI5,70.95271060704762,68.59744943058823,-0.04870286508141852,0.4111549803203126,0.9361682628831733,False
tRF-16-MPW4PU0,98.22103469190476,72.9719410197647,-0.4286901911370453,0.4111549803203126,0.9361682628831733,False
tRF-19-S3M830JZ,18.70912782580952,22.556177341588235,0.2697802856913345,0.42915605877503527,0.9479865178911228,False
tRF-18-BZOS4YV,308.13812296333333,384.6078458711765,0.3198110092859885,0.42915605877503527,0.9479865178911228,False
tRF-19-9N15WV2P,36.72240829390476,33.972746771764704,-0.1122828072825488,0.42915605877503527,0.9479865178911228,False
tRF-19-RXSINHKN,11.761920217619046,13.01288662964706,0.14581741880339294,0.42915605877503527,0.9479865178911228,False
tRF-23-W47W1R7HX,34.13503342047619,22.74976210823529,-0.5854017050870182,0.42915605877503527,0.9479865178911228,False
tRF-23-BZBZOS4YV,235.53649700285712,284.182909087647,0.2708691661671727,0.42915605877503527,0.9479865178911228,False
tRF-19-M8ZLSSJ8,57.08940275952382,68.55911902847059,0.26412560154924236,0.44596154393641074,0.9754035739298836,False
tRF-23-V29K9UV3D9,116.21469806761905,64.82409679117646,-0.8421904378896032,0.44596154393641074,0.9754035739298836,False
tRF-23-RPFQRDWXDD,26.575659795761908,24.694554523588238,-0.10591256657896331,0.4622208785229992,0.9819429189675198,False
tRF-18-W9RKM80E,43.55656035714286,50.557217387647064,0.215027031842987,0.4622208785229992,0.9819429189675198,False
tRF-20-YDU37Y93,12.732473506,10.791533602411764,-0.23861281211143792,0.4622208785229992,0.9819429189675198,False
tRF-21-J9ZH0SR90,19.06070661485714,24.896506110235297,0.3853416901014386,0.4622208785229992,0.9819429189675198,False
tRF-18-S8V0J8DR,12.61036354509524,14.032411002117646,0.15415304148478226,0.4622208785229992,0.9819429189675198,False
tRF-18-EY0VWUD2,387.8143192057143,559.1613357823529,0.5278985335901432,0.4622208785229992,0.9819429189675198,False
tRF-22-J9ZH0SR9L,40.04049680761906,56.241432676470595,0.49017347092637387,0.4807177142105603,0.9835883184769068,False
tRF-21-WB8HWKS5D,34.18277021,34.12146766176471,-0.00258961695012605,0.4807177142105603,0.9835883184769068,False
tRF-20-73VL4YMY,44.90936170961905,40.055459121764706,-0.16501733782626005,0.4807177142105603,0.9835883184769068,False
tRF-18-18YKISD8,17.363859331333334,22.715721896352942,0.387603514239248,0.4807177142105603,0.9835883184769068,False
tRF-22-R2Z4R95MJ,89.44137629066668,77.09785771882353,-0.2142516147847333,0.4807177142105603,0.9835883184769068,False
tRF-18-DWY2MJ02,79.43936715619047,44.66753556882353,-0.8306274704909304,0.4807177142105603,0.9835883184769068,False
tRF-20-184KISQI,28.29496654771429,19.413104757,-0.5435145636212395,0.4807177142105603,0.9835883184769068,False
tRF-22-EXEY0VWUJ,523.750709487619,500.38506078117643,-0.06584157528530099,0.4807177142105603,0.9835883184769068,False
tRF-18-HSRVK7D2,31.22056066900001,46.529537305058824,0.5756503949090552,0.498916938372168,0.9881263263131294,False
tRF-19-69M8LOJX,215.49278628761905,171.27005079588233,-0.33136667924797614,0.498916938372168,0.9881263263131294,False
tRF-16-88481DD,17.29917500814286,14.769525937705884,-0.22807971766733903,0.498916938372168,0.9881263263131294,False
tRF-20-1SS2PMFI,21.36831028419048,22.599868243764703,0.08084153154455276,0.5134231598411223,0.9881263263131294,False
tRF-20-U4727OFI,22.830598171428576,17.787757844294116,-0.3600839896450321,0.5134231598411223,0.9881263263131294,False
tRF-20-S3M8309N,57.529393266666666,75.59969867588237,0.3940812292565887,0.5134231598411223,0.9881263263131294,False
tRF-22-43RX6NMH3,70.99181878285715,84.60405901588236,0.2530741050394347,0.5134231598411223,0.9881263263131294,False
tRF-16-JKIWRND,11.310287457238095,10.437472182117647,-0.11586324415905391,0.5134231598411223,0.9881263263131294,False
tRF-23-WP9N1EWJDW,43.79935672523809,51.0552165087647,0.22114869303100004,0.5134231598411223,0.9881263263131294,False
tRF-22-12Z4R95MJ,72.93847830942858,59.7845416852353,-0.28690760234525037,0.5322224141603924,0.9881263263131294,False
tRF-18-W3FJIKW,15.951176534761904,22.689142814,0.5083392667167779,0.5322224141603924,0.9881263263131294,False
tRF-23-WR645J7K05,14.449509018761907,13.249146732235294,-0.1251210214536158,0.5322224141603924,0.9881263263131294,False
tRF-16-KS8WP9D,26.349797468714286,28.67807829435294,0.12215647992493839,0.5322224141603924,0.9881263263131294,False
tRF-16-MBQ4NKD,228.05340813714287,268.15841763411765,0.23371381036188854,0.5322224141603924,0.9881263263131294,False
tRF-21-NONU3INDD,297.3600187438095,278.5110603358823,-0.09447606270070708,0.5322224141603924,0.9881263263131294,False
tRF-22-08F4BDNZ5,11.090138499666667,10.903390605941176,-0.024500545958177078,0.5322224141603924,0.9881263263131294,False
tRF-19-PR183OJX,20.655081175761904,18.361367837235292,-0.16982319320396577,0.5322224141603924,0.9881263263131294,False
tRF-18-Z3M8ZL0D,17.748184504952384,23.469979553588235,0.4031451288388883,0.5322224141603924,0.9881263263131294,False
tRF-20-RLXN48Z8,12.247871446142856,10.337109978705882,-0.24469814823768044,0.5322224141603924,0.9881263263131294,False
tRF-19-9M739PJK,44.79579536276191,42.468347289058826,-0.07697535851056347,0.5322224141603924,0.9881263263131294,False
tRF-19-W3FJIKE5,19.107685722904765,18.660685204352937,-0.034151091444376114,0.5322224141603924,0.9881263263131294,False
tRF-22-Z3M8ZLSSP,52.77890361104762,25.61751680958824,-1.0428307442543732,0.5322224141603924,0.9881263263131294,False
tRF-23-O045DBNIR,13.864700889761904,18.435535111941174,0.41107280015016245,0.5512247195510827,0.9881263263131294,False
tRF-16-BS68BFD,34.03076277185715,33.4044276817647,-0.02680014714389678,0.5512247195510827,0.9881263263131294,False
tRF-20-W47W1R7H,76.53635741619047,71.7187662835294,-0.09379456969005684,0.5512247195510827,0.9881263263131294,False
tRF-18-HRH7MSD2,13.387479921619047,20.80939854735294,0.6363508563175424,0.5512247195510827,0.9881263263131294,False
tRF-19-S998LOJX,95.63624890590476,62.48825657117647,-0.6139724557127364,0.5646000079097622,0.9881263263131294,False
tRF-18-PS5P4P0K,81.76223800285715,58.14528388882353,-0.4917725056269804,0.5646000079097622,0.9881263263131294,False
tRF-19-D890YBHW,42.31334794471428,41.295979560588236,-0.03511150759810988,0.5646000079097622,0.9881263263131294,False
tRF-20-F8DHXY6R,13.383230731523808,12.816204381882352,-0.06245736680972147,0.5745713041925717,0.9881263263131294,False
tRF-19-7PU9XWK0,24.864573246761903,17.299768157529414,-0.5233389664841885,0.5932187329244318,0.9881263263131294,False
tRF-19-B4ZPEKH2,25.803781121142855,26.605742378117647,0.0441551750503546,0.5932187329244318,0.9881263263131294,False
tRF-19-73V2Y81W,30.166857672380957,32.16430431352941,0.09249605862794841,0.5932187329244318,0.9881263263131294,False
tRF-21-S8V0J8O9E,16.117505518,16.72745422764706,0.05358941909599935,0.5932187329244318,0.9881263263131294,False
tRF-23-BE7XO8Q6DI,44.831830735666664,44.56234174294118,-0.00869836590840034,0.5932187329244318,0.9881263263131294,False
tRF-22-V47PU9XWP,18.898926732142858,15.699857959764707,-0.26755279950739785,0.5932187329244318,0.9881263263131294,False
tRF-19-UJJKIWIZ,11.245714314190476,13.257276229999999,0.2374090951145753,0.5932187329244318,0.9881263263131294,False
tRF-19-MBQ4NK12,39.954696572380946,45.49676147588235,0.1873987576505476,0.5932187329244318,0.9881263263131294,False
tRF-20-S998LO9D,56.468347564333335,38.72132226029412,-0.5443141955156516,0.5932187329244318,0.9881263263131294,False
tRF-20-UIX1Q7O6,318.61177242380955,394.12478271764707,0.30685289538946314,0.5932187329244318,0.9881263263131294,False
tRF-23-OB9ZFH69U,374.0761773552381,125.63065654235294,-1.5741435369586876,0.612039057914592,0.9881263263131294,False
tRF-20-88I26WRN,34.946176961999996,38.37346022176471,0.13497422544300353,0.612039057914592,0.9881263263131294,False
tRF-23-2YU04DYJDE,27.227486485285713,27.352035285000003,0.006584383364574897,0.612039057914592,0.9881263263131294,False
tRF-20-R29P4P9L,119.72909737428571,122.59170841470589,0.034087596140153664,0.612039057914592,0.9881263263131294,False
tRF-21-I7XUK87SB,12.776847193952381,17.584065248117646,0.46073676296798016,0.6292147112051253,0.9881263263131294,False
tRF-16-R81XDDE,24.348198067952378,17.631048461117647,-0.46569673743371176,0.6292147112051253,0.9881263263131294,False
tRF-16-739P8W0,12.954249288142856,15.283071678999999,0.23850912129985202,0.6292147112051253,0.9881263263131294,False
tRF-21-2Q2RJO01B,40.552833062,40.40096002188235,-0.005413130886849693,0.6479291070471712,0.9881263263131294,False
tRF-18-W3FJHPW,13.49416715490476,12.461925776647057,-0.11480890867162552,0.6479291070471712,0.9881263263131294,False
tRF-16-8871K9D,32.565727630714285,32.68672559470588,0.005350399994346056,0.6479291070471712,0.9881263263131294,False
tRF-21-BE7XO8Q6D,189.3598369380952,230.5707279217647,0.28407899859524566,0.6479291070471712,0.9881263263131294,False
tRF-19-R29P4PJZ,416.8650518285715,458.4008000235294,0.1370291340848393,0.6479291070471712,0.9881263263131294,False
tRF-22-U4727OFIQ,17.40230110642857,21.99295420317647,0.3377633209291204,0.6479291070471712,0.9881263263131294,False
tRF-19-1R7HFEE2,9.300002431952379,11.029051048352942,0.24600566660736645,0.6479291070471712,0.9881263263131294,False
tRF-22-OB9ZFH691,246.6254147438095,237.93336373,-0.05176389212094268,0.6479291070471712,0.9881263263131294,False
tRF-18-JB5Y130K,17.52375491309524,15.201706326117646,-0.2050786733411849,0.6479291070471712,0.9881263263131294,False
tRF-22-7O58J0K8O,79.86221078809524,65.81114336705883,-0.2791811232886303,0.6479291070471712,0.9881263263131294,False
tRF-21-F9LKXNYQB,13.177628964428571,13.521205135411764,0.03713293249268368,0.6479291070471712,0.9881263263131294,False
tRF-23-SL73VL4YDN,13.87282901161905,13.100684978352941,-0.08261977268498288,0.6479291070471712,0.9881263263131294,False
tRF-20-RXSINHZ4,30.66754620290476,18.99939238435294,-0.6907594563512305,0.6479291070471712,0.9881263263131294,False
tRF-20-J9ZH0SR9,34.64863229095239,45.180241815882354,0.3828935874110009,0.6479291070471712,0.9881263263131294,False
tRF-16-08Q2B5D,370.73631378,391.8052642411765,0.07974334691345852,0.6665441023906953,0.9881263263131294,False
tRF-19-2DN1RJKJ,13.633483089333335,17.008606640235293,0.31911076930535964,0.6665441023906953,0.9881263263131294,False
tRF-16-INVDRID,219.7886632333333,192.98158719235295,-0.18765377027522767,0.6665441023906953,0.9881263263131294,False
tRF-21-WB08Q2B5D,12.904306655952379,15.463397757882353,0.2610047281270931,0.6665441023906953,0.9881263263131294,False
tRF-21-MNH5SYNXD,12.757235668238096,13.943366791117645,0.1282632098986678,0.6843867514202975,0.9881263263131294,False
tRF-22-WB8HWKS52,22.202501286619047,23.128544222705884,0.05895224475496086,0.6843867514202975,0.9881263263131294,False
tRF-18-HRF8X7D2,77.98789604104762,110.56215201541175,0.5035354663699936,0.6843867514202975,0.9881263263131294,False
tRF-23-897PVP94Z,25.774472581380955,22.748311847411763,-0.18018341941234883,0.6843867514202975,0.9881263263131294,False
tRF-23-739P8WQ07,26.682498782095237,34.24710337705883,0.36008819055697394,0.6843867514202975,0.9881263263131294,False
tRF-21-EXEY0VWUD,107.89788552571429,89.38884843529411,-0.2714998260118726,0.6843867514202975,0.9881263263131294,False
tRF-21-W3FJHPEZE,46.67912835519047,43.78244750294117,-0.09242501614501553,0.7027284905593629,0.9881263263131294,False
tRF-18-73V2Y8DM,17.816583585761908,16.183584009588234,-0.13868957799974435,0.7027284905593629,0.9881263263131294,False
tRF-18-0RSSX7D2,13.385303077809526,28.371247893941174,1.083779802478376,0.7027284905593629,0.9881263263131294,False
tRF-21-2YU04DYJB,14.155919624428568,14.500426478294116,0.034689857136042335,0.7027284905593629,0.9881263263131294,False
tRF-23-XBINVDRID1,15.058467580523809,19.899197864117646,0.4021353148171669,0.7027284905593629,0.9881263263131294,False
tRF-16-DWY2MJE,28.519493557619047,23.26508475835294,-0.29378191990493363,0.7027284905593629,0.9881263263131294,False
tRF-20-PS5P4PW3,9.410626759285712,9.802934707176473,0.05892290247567544,0.7027284905593629,0.9881263263131294,False
tRF-23-R29P4P9LDS,108.55532032190479,126.86771579705882,0.22489455677120507,0.7027284905593629,0.9881263263131294,False
tRF-21-XSXMSL73E,51.60585255666667,60.97687603000001,0.24072755081679098,0.7027284905593629,0.9881263263131294,False
tRF-19-Q2FWQ8IJ,16.69091774109524,14.193536426,-0.23382919021776072,0.7027284905593629,0.9881263263131294,False
tRF-19-O6M83OJX,63.44701121923808,58.62608696341176,-0.1140094387098145,0.7027284905593629,0.9881263263131294,False
tRF-21-YDU37Y93E,22.018887447619047,19.01120521252941,-0.21189158110245643,0.7027284905593629,0.9881263263131294,False
tRF-18-O7M8LO04,93.93021854666668,75.03673957882354,-0.32399222323165233,0.7206694698033916,0.9881263263131294,False
tRF-20-18YKISQI,1048.3592751238095,1175.5078972470587,0.16515101476897875,0.7206694698033916,0.9881263263131294,False
tRF-19-Z87HFKJJ,15.430069125095239,13.720807347235294,-0.16937915129148706,0.7206694698033916,0.9881263263131294,False
tRF-21-D890YBOZE,22.633783950380955,25.269762530647057,0.1589343100879237,0.7206694698033916,0.9881263263131294,False
tRF-20-W3FJIKE7,26.124018970380956,25.602455153470586,-0.029094696556668076,0.7206694698033916,0.9881263263131294,False
tRF-20-9NS334L2,27.47614067442857,30.329827061764703,0.14255789582343947,0.7206694698033916,0.9881263263131294,False
tRF-19-5BF9000W,485.21031849999997,448.1066330294118,-0.11476814926943746,0.7206694698033916,0.9881263263131294,False
tRF-21-8BWS7209D,9.789535399333332,10.606165966235293,0.11559093135512244,0.7206694698033916,0.9881263263131294,False
tRF-16-F0QV7ND,16.796941837380956,15.671527508529413,-0.1000527836998848,0.7381953822850522,0.9881263263131294,False
tRF-23-VF4YO9XED2,10.94696813904762,10.834975556705883,-0.014835459054591382,0.7381953822850522,0.9881263263131294,False
tRF-19-1SS2P4IR,34.10084223142857,31.638370565352943,-0.1081320714861258,0.7381953822850522,0.9881263263131294,False
tRF-23-DRFU8U767,55.557379129999994,70.85454184117647,0.35088179111613904,0.7381953822850522,0.9881263263131294,False
tRF-19-UIX1Q7HV,376.3737427109523,397.3193080041177,0.07813292029690189,0.7381953822850522,0.9881263263131294,False
tRF-20-9M739P8W,66.65448175285715,63.81656866470589,-0.0627708445098083,0.7553900050790825,0.9881263263131294,False
tRF-21-739P8WQ0B,30.257439536571425,27.879275407058827,-0.11809684260145481,0.7553900050790825,0.9881263263131294,False
tRF-20-2YU04DYJ,75.8178957304762,82.3453831570588,0.11914934877832462,0.7553900050790825,0.9881263263131294,False
tRF-22-R29P4P9LL,121.22117075000001,139.67215175470588,0.2044027194035758,0.7553900050790825,0.9881263263131294,False
tRF-22-18YKISQI3,90.98716829476191,89.68052851117648,-0.02086831943234202,0.7553900050790825,0.9881263263131294,False
tRF-22-I7XUK87SI,21.040280866714284,27.108123265235296,0.36557127346360474,0.7553900050790825,0.9881263263131294,False
tRF-16-RX6NMHD,11.31478391152381,10.177483375294118,-0.15282816757182838,0.7553900050790825,0.9881263263131294,False
tRF-23-7O58J0K80F,16.425951246619043,16.513656966588233,0.007682720781581054,0.7553900050790825,0.9881263263131294,False
tRF-23-32VIJMRP9,9.771772240571428,10.112730996647059,0.04948051437948964,0.7553900050790825,0.9881263263131294,False
tRF-16-7P596VE,25.31809919438095,25.883857471117643,0.031883542494790085,0.7553900050790825,0.9881263263131294,False
tRF-21-V47P596VE,114.48014076095238,138.1008072082353,0.27062440119944053,0.7553900050790825,0.9881263263131294,False
tRF-21-LMK8J7K1B,13.223631336523809,19.796429955235293,0.5821218720959265,0.7553900050790825,0.9881263263131294,False
tRF-23-79MP9P9MDD,800.853792047619,937.6031485529411,0.22743853355412824,0.7553900050790825,0.9881263263131294,False
tRF-23-9NS334L2DB,94.78947456204762,120.30802369941178,0.3439340872910508,0.7724905932489746,0.9881263263131294,False
tRF-20-ML5F82NZ,11.824785340857144,12.711652501411765,0.10433759727357206,0.7724905932489746,0.9881263263131294,False
tRF-20-9N1EWJQ7,23.293528391619045,25.675372114117646,0.1404559971217969,0.7724905932489746,0.9881263263131294,False
tRF-16-R29P4PE,337.5744859442857,220.0443780370588,-0.6174113560562526,0.7724905932489746,0.9881263263131294,False
tRF-21-JMRPFQJDE,24.70227740238095,25.902316464705883,0.06843706923890114,0.7724905932489746,0.9881263263131294,False
tRF-21-18Y3E7QN0,19.832513610476187,21.822572073764704,0.13795361297836806,0.7724905932489746,0.9881263263131294,False
tRF-20-Q89P9L84,21.078298857190475,21.83726265194118,0.05103358496063315,0.7724905932489746,0.9881263263131294,False
tRF-19-1SS2PMER,43.630134696000006,43.883251766470586,0.00834550633638731,0.7894511858687665,0.9881263263131294,False
tRF-21-OB9ZFH69B,333.22355792142855,62.98755372647059,-2.4033517117043752,0.7894511858687665,0.9881263263131294,False
tRF-20-MBQ4NKKQ,14.639225924476193,14.083575680117647,-0.055825604094833725,0.7894511858687665,0.9881263263131294,False
tRF-21-V29K9UV30,682.1460681571427,635.9739241294118,-0.10111308298882271,0.7894511858687665,0.9881263263131294,False
tRF-16-EY0VWUD,93.83969044566666,98.70048208352942,0.07285887699150528,0.8037951505455445,0.9881263263131294,False
tRF-22-UE02K0F75,31.606319216666666,20.696913697823533,-0.610797382220678,0.8037951505455445,0.9881263263131294,False
tRF-19-PS5P4PJ4,249.9428758942857,149.38611795705881,-0.7425523179077969,0.8037951505455445,0.9881263263131294,False
tRF-21-RE987S1RD,23.368118434619046,21.879334541235295,-0.09497271587819078,0.8182755426028526,0.9881263263131294,False
tRF-21-73V2Y8L9E,17.194027108714288,17.56045648435294,0.030422862219673164,0.8182755426028526,0.9881263263131294,False
tRF-19-S998LOJ4,53.72552667204762,39.40341402641176,-0.44728708608881185,0.8182755426028526,0.9881263263131294,False
tRF-20-1SS2P46I,44.73538653761905,53.52760523705882,0.2588666275045357,0.8182755426028526,0.9881263263131294,False
tRF-23-9KIWRNL3DJ,76.78771386538095,65.68720466252941,-0.2252631237571654,0.8182755426028526,0.9881263263131294,False
tRF-21-5BF900BYD,176.85326884142856,151.99643828705882,-0.2185153675491769,0.8182755426028526,0.9881263263131294,False
tRF-20-DWY2MJ8F,170.52954541428568,98.47063677058823,-0.7922562251071374,0.8182755426028526,0.9881263263131294,False
tRF-21-DRFU8U76B,21.106647752666667,25.078098121588233,0.24873047892675615,0.8182755426028526,0.9881263263131294,False
tRF-21-JMRPFQ5DD,22.233807713809522,27.674106300647058,0.31578168543924967,0.8182755426028526,0.9881263263131294,False
tRF-22-DRFU8U76F,31.904201504380953,38.529151963529415,0.27220400543693835,0.8182755426028526,0.9881263263131294,False
tRF-21-9M739P8W0,17.241119665428574,14.324988622882353,-0.2673194751815262,0.8329884769157493,0.9881263263131294,False
tRF-19-MPW4PU24,9.806095868380954,11.197288522705882,0.19139864785051586,0.8329884769157493,0.9881263263131294,False
tRF-22-S8V0J6OZQ,10.231072036095238,10.13194958147059,-0.014045518973192728,0.8329884769157493,0.9881263263131294,False
tRF-22-WB8US5652,40.5261759,48.10140595529411,0.24722501580219092,0.8329884769157493,0.9881263263131294,False
tRF-21-9N1EWJQ7D,21.23714441442857,22.311085277941174,0.07117090054293929,0.8329884769157493,0.9881263263131294,False
tRF-23-18Y3E7QN00,22.645429996285717,22.75183423164706,0.00676292487679131,0.8329884769157493,0.9881263263131294,False
tRF-19-DWY2MJJ1,353.26048238666664,492.1166794911764,0.4782680444438423,0.8329884769157493,0.9881263263131294,False
tRF-18-F8DHXYD9,28.949215167428573,25.93255863194118,-0.1587596798179769,0.84739450139246,0.9881263263131294,False
tRF-22-9NS334L2I,26.297114231333335,36.18675087823529,0.4605570863353332,0.84739450139246,0.9881263263131294,False
tRF-18-OSM83O04,26.17892970595238,23.75421461723529,-0.14022260775444906,0.84739450139246,0.9881263263131294,False
tRF-18-INVDRID1,2881.171704261905,3854.3477647705886,0.41983110611490737,0.84739450139246,0.9881263263131294,False
tRF-19-BE7XO8I5,47.30864933857143,44.660361184705884,-0.0831090536986645,0.84739450139246,0.9881263263131294,False
tRF-20-NONU3IND,50.26519095104762,45.936518662176475,-0.12991814289054737,0.860852855387846,0.9881263263131294,False
tRF-22-WR645J7KQ,68.75208903485715,60.01067944,-0.1961842864114871,0.860852855387846,0.9881263263131294,False
tRF-18-88I26WDY,13.155479768523811,13.05653882652941,-0.010891361439221647,0.860852855387846,0.9881263263131294,False
tRF-16-YUYRRH0,18.007844017666667,14.671189396705882,-0.29563963009147676,0.860852855387846,0.9881263263131294,False
tRF-16-88I26W0,13.024826465857142,15.634697493294118,0.26348715454161953,0.860852855387846,0.9881263263131294,False
tRF-23-DWY2MJ8F02,52.45158549047619,20.767738949352943,-1.3366422289305993,0.860852855387846,0.9881263263131294,False
tRF-23-I8W47W1R00,31.321810490238093,23.09801151370588,-0.43939895022413644,0.860852855387846,0.9881263263131294,False
tRF-19-DRFU8U25,26.483645514285712,34.375019071764704,0.3762587889612501,0.8706730053474339,0.9881263263131294,False
tRF-20-VMMV5BU6,31.275589090714284,36.426699522941185,0.21995922569451398,0.8706730053474339,0.9881263263131294,False
tRF-19-OSM83OJX,439.94476152380946,390.45681529117655,-0.17215939913645073,0.8706730053474339,0.9881263263131294,False
tRF-23-XSXMSL730H,106.39855368619048,130.00105814882352,0.2890448262758376,0.8706730053474339,0.9881263263131294,False
tRF-16-ZDL9X1B,1118.361141504762,1501.5450036941177,0.4250615764906911,0.8706730053474339,0.9881263263131294,False
tRF-21-9NS334L2B,14.009039492571425,15.925541976941176,0.18498442793746728,0.8706730053474339,0.9881263263131294,False
tRF-18-RPFQRD03,15.21330815604762,13.423540180117648,-0.18056870072436615,0.8706730053474339,0.9881263263131294,False
tRF-19-Z3M8ZL2J,123.28290248047618,130.5144674294706,0.08223700420916025,0.8706730053474339,0.9881263263131294,False
tRF-20-DRFU8U76,23.951121935238092,30.209487236411768,0.3349084592765488,0.8706730053474339,0.9881263263131294,False
tRF-23-WPMN1E8Y0E,19.565288348666666,26.55197221617647,0.4405226524030832,0.8706730053474339,0.9881263263131294,False
tRF-22-1SS2P46I3,30.294285099047617,27.480534280411767,-0.14063560695883393,0.882970636033154,0.9881263263131294,False
tRF-21-B4ZPEK45B,74.4660583547619,73.3462959517647,-0.021858884232632825,0.882970636033154,0.9881263263131294,False
tRF-23-V47P596V03,16.86422213742857,17.205046155823528,0.028865986831097423,0.882970636033154,0.9881263263131294,False
tRF-18-UP0O5105,9.293883181809523,10.432637377,0.16675050182126228,0.882970636033154,0.9881263263131294,False
tRF-21-DWY2MJ8FE,58.446367262142864,69.01246916352942,0.2397436946486593,0.882970636033154,0.9881263263131294,False
tRF-20-OB9ZFH69,78.14737460142858,53.55072240941177,-0.5452913686696803,0.8950147301618425,0.9881263263131294,False
tRF-21-JYSWRYVMD,50.84584669952381,46.993550682941176,-0.11366715626004087,0.8950147301618425,0.9881263263131294,False
tRF-16-R2Z4R90,165.34528749619048,170.7641187135294,0.046522937050567315,0.8950147301618425,0.9881263263131294,False
tRF-22-5BF900BY3,489.2570546190477,481.11383505882355,-0.02421436668228516,0.8950147301618425,0.9881263263131294,False
tRF-20-INVDRI2Q,489.8404940033334,508.83176941000005,0.054876706351855375,0.8950147301618425,0.9881263263131294,False
tRF-16-884U1DD,254.82915983333334,278.43220784176475,0.1277957324849428,0.8950147301618425,0.9881263263131294,False
tRF-22-7PP9ZZ052,9.377037725428572,9.52829084282353,0.023085214056276726,0.8950147301618425,0.9881263263131294,False
tRF-18-MBQ4NKDJ,156.5667604647619,175.17128339058826,0.16198832970942334,0.8950147301618425,0.9881263263131294,False
tRF-21-WR645J7KE,394.318943636,349.00202996882354,-0.17612759331822403,0.9062024883321366,0.9881263263131294,False
tRF-20-79MP9P9M,12.857692238809523,13.096531456588236,0.026553048632241172,0.9062024883321366,0.9881263263131294,False
tRF-20-I8W47W1R,55.17412805995239,64.84208600411765,0.23293857869664691,0.9062024883321366,0.9881263263131294,False
tRF-22-WB0Q37Q52,70.26641760857144,75.58085783764706,0.10518554563945326,0.9062024883321366,0.9881263263131294,False
tRF-21-YDZDL9X1B,514.4237058190475,601.9087914823531,0.22658776202338515,0.9170685793651051,0.9881263263131294,False
tRF-18-739P8WD8,95.86181729142857,98.24445194629412,0.03541964792748775,0.9170685793651051,0.9881263263131294,False
tRF-18-B4ZPEKD5,14.754906030047621,15.537412142941177,0.07455150084108775,0.9170685793651051,0.9881263263131294,False
tRF-16-KQ3SW1B,23.88977821838095,21.07048928411765,-0.18116964474874653,0.9170685793651051,0.9881263263131294,False
tRF-16-V2Y8L9E,31.854475281142857,28.895150519529412,-0.14066868786060827,0.9170685793651051,0.9881263263131294,False
tRF-19-V29K9U2Y,339.7514309885714,336.3243254764706,-0.01462649837525376,0.9270617148080793,0.9881263263131294,False
tRF-19-VMMV5B2V,19.74353722647619,19.246625700294118,-0.03677494823488914,0.9270617148080793,0.9881263263131294,False
tRF-21-73VL4YMYE,19.323751616285715,23.774156602352942,0.29901894793147843,0.9270617148080793,0.9881263263131294,False
tRF-20-WR645J7K,25.109522932333327,25.394808130999998,0.016298955370768198,0.9270617148080793,0.9881263263131294,False
tRF-20-739P8WQ0,15.677971367095237,15.235102756470587,-0.041339665051104646,0.9270617148080793,0.9881263263131294,False
tRF-16-3VMKNRB,20.97415330252381,24.709708957294115,0.23646544577541384,0.9270617148080793,0.9881263263131294,False
tRF-16-H9R8B7D,49.32512014190477,48.84257093017647,-0.014183423371948223,0.9361794930191547,0.9881263263131294,False
tRF-20-2Q2RJO01,17.185561361000005,22.81937699435294,0.4090624266089362,0.9361794930191547,0.9881263263131294,False
tRF-23-79MP9P9NDE,317.01679806428575,311.99513441823524,-0.023035757463459205,0.9361794930191547,0.9881263263131294,False
tRF-19-FBZP7OF1,14.586402858,10.915011352058823,-0.4183105143717749,0.9361794930191547,0.9881263263131294,False
tRF-18-73VL4YDN,24.727228413666666,25.026780567117648,0.017372173095937526,0.9361794930191547,0.9881263263131294,False
tRF-20-V29K9UV3,212.12365856047614,203.4324914911765,-0.060355416843397514,0.9361794930191547,0.9881263263131294,False
tRF-20-BE7XO8Q6,111.44705582714286,48.446109820588234,-1.201905776163727,0.9449011348485211,0.9881263263131294,False
tRF-23-FSXMSL730H,15.040175308000002,18.539876370470587,0.3018102405268217,0.9449011348485211,0.9881263263131294,False
tRF-22-NB8PLML35,29.119818488142858,31.56314986764706,0.11623982449493919,0.9449011348485211,0.9881263263131294,False
tRF-16-9NS334D,15.28343856495238,15.562058458000001,0.026063737627052497,0.9449011348485211,0.9881263263131294,False
tRF-22-B4ZPEK45I,42.78653897452381,53.594188886176475,0.3249195972153771,0.9449011348485211,0.9881263263131294,False
tRF-22-YDU37Y93Q,44.33919916742857,34.25664807911764,-0.37219871870191934,0.9449011348485211,0.9881263263131294,False
tRF-21-V47PU9XWE,14.488741948761904,14.116140033764706,-0.03758668473724214,0.9527652188083433,0.9881263263131294,False
tRF-22-BE7XO8Q62,196.2273571914286,87.31319636352941,-1.1682545681960734,0.9527652188083433,0.9881263263131294,False
tRF-22-V29K9UV34,68.54619589971428,55.280632835882365,-0.3103024717916698,0.9527652188083433,0.9881263263131294,False
tRF-21-WB8US565D,75.64752359714286,90.0467258464706,0.2513809647743006,0.9527652188083433,0.9881263263131294,False
tRF-16-W3FJIKB,10.229895622761903,10.571569026294116,0.04739809148067664,0.9527652188083433,0.9881263263131294,False
tRF-18-V29K9U0H,73.52809863761907,74.22232532705884,0.013557521472720602,0.9527652188083433,0.9881263263131294,False
tRF-19-INVDRIFU,861.4409234571427,776.7159304529412,-0.14936480566315602,0.9600631453440194,0.9881263263131294,False
tRF-19-I8W47WFD,20.115287261,20.449278453411765,0.02375759815812728,0.9600631453440194,0.9881263263131294,False
tRF-22-8NRS9NS3J,12.178104038619049,13.595337150882353,0.15882238603395926,0.9600631453440194,0.9881263263131294,False
tRF-23-Y2PPEVNK0Q,64.88024862904761,70.55291364588236,0.1209263153344029,0.9664670451323814,0.9881263263131294,False
tRF-18-I363U0W,15.830927168714286,13.354908018058822,-0.2453757127170011,0.9664670451323814,0.9881263263131294,False
tRF-21-RPM830MME,15.34434254285714,21.978181084941177,0.5183651615808866,0.9722063622894193,0.9881263263131294,False
tRF-21-4KRQ59W3E,12.878620865095238,18.41388972647059,0.5158163043193555,0.9722063622894193,0.9881263263131294,False
tRF-21-I8W47W1R0,25.651570127523808,25.303771704941173,-0.019694690833206963,0.9722063622894193,0.9881263263131294,False
tRF-18-WKXU53DJ,18.829279884619048,15.622942766705883,-0.26931159812274696,0.9722063622894193,0.9881263263131294,False
tRF-19-SB325U0R,11.09239224295238,12.02384992952941,0.1163283699417117,0.9769987775933869,0.9881263263131294,False
tRF-23-H3RXSINH0P,12.207108151666668,11.195108310588235,-0.12485298212482299,0.9769987775933869,0.9881263263131294,False
tRF-22-PS5P4PW3H,85.26445353571428,88.16981515058825,0.048340422916350434,0.9769987775933869,0.9881263263131294,False
tRF-21-ZLBS5EOBD,10.577814251809523,11.220771395764707,0.08513031374353064,0.9769987775933869,0.9881263263131294,False
tRF-22-VF4YO9XEJ,47.07223987333333,47.0857847582353,0.0004150711208890101,0.9769987775933869,0.9881263263131294,False
tRF-19-1KVUY92E,51.76025847057143,69.37171431429412,0.42250271530702044,0.9813608211141194,0.9902822831242477,False
tRF-18-H7PU4HD2,113.09036949,106.58163079117648,-0.08551726517853364,0.9905969828082626,0.9950802331164289,False
tRF-22-9N1EWJQ72,25.46514875128572,29.13401471388235,0.19418037629272344,0.9928390614202207,0.9950802331164289,False
tRF-20-5BF900BY,262.7097566952381,271.1357673252941,0.04554565997823268,0.9928390614202207,0.9950802331164289,False
tRF-20-Z3M8ZLSS,57.03731785428571,46.56200226823529,-0.2927530428749723,0.9969189189314271,0.9969189189314271,False
