tRF,control_mean,ad_mean,log_fold_change,p_value,adj_p_value,significant,tRF sequence,tRF type(s),amino_acid,codon,origin,core_cholinergic_Production,cholinergic_targets_Production,cholinergic_Production
tRF-22-32VIJMRPH,9.05006168818182,14.6679574010625,0.6966684500447489,0.0034511379606833,0.5783671143666268,False,CCGGATAGCTCAGTCGGTAGAG,i-tRF,Lys,TTT,Nuclear,False,,False
tRF-23-PS5P4PW3X,18.24073942968182,21.931123439375,0.2658155035154239,0.0234473154472956,0.5783671143666268,False,GCCCGGATAGCTCAGTCGGTAGA,5'-tRF,Lys,TTT,Nuclear,False,,False
tRF-23-F8YKIR9N05,13.854523019909092,14.4461387343125,0.0603268876355094,0.0234473154472956,0.5783671143666268,False,AGCGGTTAGGATTCCTGGTTTTC,i-tRF,Glu,TTC,Nuclear,False,,False
tRF-21-83ML5F82D,10.664481089863637,16.335352277,0.6151837982564148,0.0209084175642193,0.5783671143666268,False,TCAGTCGGTAGAGCATCAGAC,i-tRF,Lys,TTT,Nuclear,False,,False
tRF-18-OB1690DV,15.702043380818184,8.7001360121875,-0.8518424556378519,0.0209084175642193,0.5783671143666268,False,GAAAAAGTCATGGAGGCC,5'-tRF,Ser,TGA,MT,False,,False
tRF-22-4PW3FJHP1,64.73139025818183,108.3272405375,0.7428586816757861,0.0193385060470143,0.5783671143666268,False,CTCAGTCGGTAGAGCATCAGAC,i-tRF,Lys,TTT,Nuclear,False,,False
tRF-19-RQ59W3K4,36.91447376227273,59.116754954625,0.6793804868448508,0.0193385060470143,0.5783671143666268,False,GGTATGATTCTCGGTTTGG,i-tRF,Pro,TGG,Nuclear,False,BMP2K,False
tRF-20-MBQ4NKKQ,10.959542672454546,22.581152342375,1.0429315126337095,0.0193385060470143,0.5783671143666268,False,CGGAAGCGTGCTGGGCCCAT,i-tRF,Met,CAT,Nuclear,False,,False
tRF-21-JMRPFQRDE,146.6838870331818,167.284238340625,0.1895911176551044,0.0166919148746521,0.5783671143666268,False,CAGTCGGTAGAGCATGGGACT,i-tRF,Lys,CTT,Nuclear,False,,False
tRF-22-JMRPFQRD5,71.86312042659091,97.317319265,0.4374449987431559,0.0234473154472956,0.5783671143666268,False,CAGTCGGTAGAGCATGGGACTC,i-tRF,Lys,CTT,Nuclear,False,,False
tRF-21-W7WK6WRND,14.315612422318184,19.4161327281875,0.4396664856683365,0.0109737877967515,0.5783671143666268,False,TCTCTTCGGGGGCGTGGGTTC,i-tRF,Leu,AAG,Nuclear,False,"SMAD2,IL6R",False
tRF-19-BE7XO8I5,59.26070826272728,30.99045407625,-0.9352519753374589,0.0109737877967515,0.5783671143666268,False,AAAATGTTTAGACGGGCTC,i-tRF,Phe,GAA,MT,True,"SMAD2,RORA,BMPR2,LIFR,BMP5,CLOCK,LHX8,NR1D2,SLC5A7,KLF7,ARNTL2,KLF4,BMPR1B,NTRK2,LIF,BMP3",True
tRF-20-F8DHXY6R,11.729144635863635,14.397789055875,0.2957494797915654,0.0109737877967515,0.5783671143666268,False,AGCGGAAGCGTGCTGGGCCC,i-tRF,Met,CAT,Nuclear,False,,False
tRF-23-32VIJMRP9,7.396637528818181,11.421945561,0.6268669300222673,0.0094631309340044,0.5783671143666268,False,CCGGATAGCTCAGTCGGTAGAGC,i-tRF,Lys,TTT,Nuclear,False,,False
tRF-20-W3FJIKE7,21.737039863590912,37.260014074625,0.777472730805818,0.0081661582198141,0.5783671143666268,False,TCGGTAGAGCATGGGACTCT,i-tRF,Lys,CTT,Nuclear,False,,False
tRF-18-RPFQRD03,11.605939206227273,18.4866870623125,0.6716234303712056,0.0077172657073059,0.5783671143666268,False,GGTAGAGCATGGGACTCT,i-tRF,Lys,CTT,Nuclear,False,SMAD2,False
tRF-16-RXSINHE,13.390568802636365,7.951486228937501,-0.7519207966899653,0.0064545774749795,0.5783671143666268,False,GGTTAGTACTCTGCGT,i-tRF,His,GTG,Nuclear,False,NTRK2,False
tRF-21-VP9N15WV0,10.00568385940909,14.847184176625,0.5693695698937113,0.0152996881840389,0.5783671143666268,False,TATAGTGGTTAGTACTCTGCG,i-tRF,His,GTG,Nuclear,False,,False
tRF-20-RX6NMH49,14.759088172863637,19.496019328062506,0.4015759930319702,0.0326837612285869,0.7255794992746311,False,GGTTAGGATTCGGCGCTCTC,i-tRF,Glu,CTC,Nuclear,False,,False
tRF-19-RXSINHKN,16.39720262545455,10.87737743575,-0.5921189500725554,0.0326837612285869,0.7255794992746311,False,GGTTAGTACTCTGCGTTGT,i-tRF,His,GTG,Nuclear,False,NTRK2,False
tRF-23-INVDRI2QD1,38.77625851249999,38.49651798875,-0.0104456458715267,0.0529867620895461,0.7842040789252831,False,ATGTTTAGACGGGCTCACATCAC,i-tRF,Phe,GAA,MT,True,"SMAD2,BMPR1A,BMPR2,SLC5A7,RORA,BMPR1B",True
tRF-19-SB325U0R,11.726330562272729,14.4532310928125,0.3016404189191819,0.0529867620895461,0.7842040789252831,False,GTAAACCGGAGATGAAAAC,i-tRF,Thr,TGT,MT,False,SMAD2,False
tRF-23-3IRW18V60M,16.090126510954544,20.2386601794375,0.3309381157612732,0.0529867620895461,0.7842040789252831,False,CCGCTGGTGTAGTGGTATCATGC,i-tRF,Gly,CCC,Nuclear,False,,False
tRF-18-XSXMSL00,19.208879817818183,15.6014057998125,-0.3000973572356553,0.0529867620895461,0.7842040789252831,False,TGCCGTGATCGTATAGTG,5'-tRF,His,GTG,Nuclear,False,,False
tRF-23-1SS2PMFI0Q,12.089525787227274,17.7147374855,0.551192430482887,0.0484194254534491,0.7842040789252831,False,AGTCGGTAGAGCATCAGACTTTT,i-tRF,Lys,TTT,Nuclear,False,,False
tRF-23-FSXMSL730H,20.469325972409088,13.7617491019375,-0.5727997506038918,0.0445633413437337,0.7842040789252831,False,AGCCGTGATCGTATAGTGGTTAG,5'-tRF,His,GTG,Nuclear,False,,False
tRF-18-H9R8B7D2,831.9248979668183,916.667473275,0.1399451873554724,0.0484194254534491,0.7842040789252831,False,ATCTCGGTGGAACCTCCA,3'-tRF,Gln,CTG,Nuclear,False,,False
tRF-16-88I26W0,16.40482299109091,9.5524998101875,-0.7801697981559799,0.0445633413437337,0.7842040789252831,False,TCCGGATGGAGGCGTG,i-tRF,Leu,CAA,Nuclear,False,,False
tRF-20-JMRPFQRD,55.20238696677273,74.869775823125,0.439652783810132,0.0396736270887879,0.7842040789252831,False,CAGTCGGTAGAGCATGGGAC,i-tRF,Lys,CTT,Nuclear,False,,False
tRF-19-Q2FWQ8IJ,14.511345538818183,15.8527623198125,0.1275529527441046,0.0484194254534491,0.7842040789252831,False,GCGGAAGCGTGCTGGGCCC,i-tRF,Met,CAT,Nuclear,False,,False
tRF-18-BE7XO8DW,58.92595637727272,43.33754900875,-0.4432857059095534,0.0710857290315688,0.8530287483788261,False,AAAATGTTTAGACGGGCT,i-tRF,Phe,GAA,MT,True,"SMAD2,RORA,BMPR2,LIFR,BMP5,CLOCK,NR1D2,LHX8,SLC5A7,KLF7,ARNTL2,KLF4,NTRK2,BMPR1B,BMPR1A,BMP3",True
tRF-23-3JVIJMRP9,18.980587311818176,26.187030676875,0.4643278490886855,0.0710857290315688,0.8530287483788261,False,CCGGCTAGCTCAGTCGGTAGAGC,i-tRF,Lys,CTT,Nuclear,False,,False
tRF-20-JMRPFQJD,17.018107611772724,23.30801201925,0.4537553393507645,0.0710857290315688,0.8530287483788261,False,CAGTCGGTAGAGCATCAGAC,i-tRF,Lys,TTT,Nuclear,False,,False
tRF-23-JYSWRYVMDN,10.423192717045454,12.9383108708125,0.3118520264495559,0.0710857290315688,0.8530287483788261,False,CATTGGTCGTGGTTGTAGTCCGT,i-tRF,Glu,TTC,MT,False,NTRK2,False
tRF-21-Z3M8ZLSSE,39.21643262772727,66.19855098375001,0.7553413333857462,0.0646819073703404,0.8530287483788261,False,TTGGTCGTGGTTGTAGTCCGT,i-tRF,Glu,TTC,MT,False,ARNTL,False
tRF-21-MNH5SYNXD,11.526425823272728,20.5984148506875,0.8375880955819892,0.0646819073703404,0.8530287483788261,False,CGGTTATCACGTCTGCTTTAC,i-tRF,Val,TAC,Nuclear,False,,False
tRF-18-821IQ405,12.630436603772727,11.7568565735,-0.1034021316010607,0.0710857290315688,0.8530287483788261,False,TCAGAAGGCTGCGTGTTC,i-tRF,Trp,CCA,Nuclear,False,,False
tRF-20-9M739P8W,54.36722243154545,90.6670135975,0.7378406418877201,0.0778921446808516,0.8656635683501956,False,TGGTCGTGGTTGTAGTCCGT,i-tRF,Glu,TTC,MT,False,,False
tRF-20-WR645J7K,24.040763635409096,18.7255066078125,-0.3604779723211546,0.0857864797464157,0.8656635683501956,False,TCTCCGGATGGAGGCGTGGG,i-tRF,Leu,CAA,Nuclear,False,,False
tRF-21-W3FJHPEZE,36.99313430222727,59.71502188875,0.6908363606996666,0.0857864797464157,0.8656635683501956,False,TCGGTAGAGCATCAGACTTTT,i-tRF,Lys,TTT,Nuclear,False,,False
tRF-21-U0EZY9X1B,67.84668269909092,84.031504573125,0.3086520375047596,0.0857864797464157,0.8656635683501956,False,TAAAGACTTTTTCTCTGACCA,3'-tRF,Pro,TGG,MT,False,"SMAD2,NTRK2,RORA,BMP3",True
tRF-23-WP9N1EWJDW,61.76383401954545,42.5519792775,-0.5375360718818678,0.0857864797464157,0.8656635683501956,False,TCTAGTGGTTAGGATTCGGCGCT,i-tRF,Glu,CTC,Nuclear,False,"ARNTL2,RORC,SMAD2",False
tRF-19-3290Q42E,19.014254961954546,25.099424749312497,0.400572888834362,0.0857864797464157,0.8656635683501956,False,CCGGATGGAGGCGTGGGTT,i-tRF,Leu,CAA,Nuclear,False,,False
tRF-21-S8V0J8O9E,15.160900001545455,22.401786334375004,0.5632583791621872,0.0857864797464157,0.8656635683501956,False,GTCGGTAGAGCATGGGACTCT,i-tRF,Lys,CTT,Nuclear,False,,False
tRF-21-WB0Q37Q5D,53.600535576818174,58.18954104125,0.1185124509849249,0.2630175333344572,0.8663159662042347,False,TCGAAACCATCCTCTGCTACC,3'-tRF,Met,CAT,Nuclear,False,,False
tRF-18-RX6NMHD5,46.14364666622727,40.526165483750006,-0.18727834613395,0.2630175333344572,0.8663159662042347,False,GGTTAGGATTCGGCGCTC,i-tRF,Glu,CTC,Nuclear,False,,False
tRF-22-9MVH7P593,12.144109843545454,11.7966660849375,-0.0418775552118737,0.2630175333344572,0.8663159662042347,False,TGGTCTAGCGGTTAGGATTCCT,i-tRF,Glu,TTC,Nuclear,False,,False
tRF-22-8BWS72092,21.69348462622727,24.012295534375,0.1465115174910618,0.2630175333344572,0.8663159662042347,False,TCAAATCTCGGTGGAACCTCCA,3'-tRF,Gln,CTG,Nuclear,False,"SMAD2,ARNTL2,BMP8B,BMP5,IL6ST",True
tRF-20-43RX6NMH,10.860984891681817,11.62730447275,0.0983617444019442,0.2630175333344572,0.8663159662042347,False,CTAGTGGTTAGGATTCGGCG,i-tRF,Glu,CTC,Nuclear,False,,False
tRF-22-R2Z4R95MJ,75.23999410827274,109.05331195056247,0.5354619443095814,0.2781893086915747,0.8663159662042347,False,GGGGATTGTGGGTTCGAGTCCC,i-tRF,Arg,CCG,Nuclear,False,,False
tRF-21-WB08Q2B5D,15.2638023315,12.1370494890625,-0.3306966477220392,0.2781893086915747,0.8663159662042347,False,TCGAAACCGGGCGGAAACACC,3'-tRF,Val,AAC,Nuclear,False,,False
tRF-18-JMRPFQDY,68.54339392909091,78.676385553125,0.1989130520109947,0.2781893086915747,0.8663159662042347,False,CAGTCGGTAGAGCATGGG,i-tRF,Lys,CTT,Nuclear,False,,False
tRF-16-0P5830E,39.87060031549999,39.63538802875,-0.0085362271878857,0.2444146058310014,0.8663159662042347,False,ACCAGGATGGCCGAGT,5'-tRF,Leu,TAA,Nuclear,False,"SMAD2,STAT3,BMP8B",False
tRF-20-DRFU8U76,30.064957581090912,21.7439634798125,-0.4674679848905052,0.2781893086915747,0.8663159662042347,False,AATCCAGCGATCCGAGTTCA,i-tRF,Gln,CTG,Nuclear,False,SMAD2,False
tRF-19-MPW4PU24,12.183220646545454,10.8056474756875,-0.1731100402901915,0.2781893086915747,0.8663159662042347,False,CGTAGTCGTGGCCGAGTGG,5'-tRF,Ser,TGA,Nuclear,False,,False
tRF-20-73VL4YMY,50.28051134681819,40.867342546875,-0.2990508886188898,0.2781893086915747,0.8663159662042347,False,GTGGTTAGTACTCTGCGTTG,i-tRF,His,GTG,Nuclear,False,"NR1D2,NTRK2,SMAD2",False
tRF-18-R81XDD0Q,60.50298469181817,40.076994221875,-0.594232003852432,0.2444146058310014,0.8663159662042347,False,GGTGGAGTTAAAGACTTT,i-tRF,Pro,TGG,MT,False,SMAD2,False
tRF-20-J9ZH0SR9,47.24262864045455,32.245839475,-0.5509762118039943,0.2444146058310014,0.8663159662042347,False,CATTCTTGCGACCCGGGTTC,i-tRF,Gly,CCC,Nuclear,False,"SMAD2,CLOCK,RORB",False
tRF-16-JKIWRND,10.063199248818185,12.546572608312502,0.3182042784419328,0.2444146058310014,0.8663159662042347,False,CAGGGATTGTGGGTTC,i-tRF,Arg,CCT,Nuclear,False,,False
tRF-18-RXSINH0P,48.4513063109091,34.6763409475625,-0.4825838899147419,0.2444146058310014,0.8663159662042347,False,GGTTAGTACTCTGCGTTG,i-tRF,His,GTG,Nuclear,False,NTRK2,False
tRF-20-I8W47W1R,70.281514125,40.275207058125005,-0.8032532667299277,0.2444146058310014,0.8663159662042347,False,ATTGGTCGTGGTTGTAGTCC,i-tRF,Glu,TTC,MT,False,ARNTL,False
tRF-19-18Y3E7IN,13.607649427954543,11.6130402195625,-0.2286721686606889,0.2444146058310014,0.8663159662042347,False,AGTGGTTAGTACTCTGCGT,i-tRF,His,GTG,Nuclear,False,"BMP2,SMAD2",False
tRF-22-83ML5F823,19.557438614272726,19.679363175625,0.008966099078683,0.2444146058310014,0.8663159662042347,False,TCAGTCGGTAGAGCATCAGACT,i-tRF,Lys,TTT,Nuclear,False,,False
tRF-21-I8W47W1R0,33.528900850363634,11.1783195348125,-1.5847018687844887,0.2444146058310014,0.8663159662042347,False,ATTGGTCGTGGTTGTAGTCCG,i-tRF,Glu,TTC,MT,False,ARNTL,False
tRF-19-73VL4YHE,31.278453165545454,20.6334057843125,-0.6001871933124319,0.2444146058310014,0.8663159662042347,False,GTGGTTAGTACTCTGCGTT,i-tRF,His,GTG,Nuclear,False,"NR1D2,NTRK2,SMAD2",False
tRF-21-5BF900BYD,139.03736628318185,151.448920638125,0.1233586369639514,0.2444146058310014,0.8663159662042347,False,GAGAAAGCTCACAAGAACTGC,5'-half,Ser,GCT,MT,False,"SMAD2,KLF7,BMPR1B,RORA,BMPR1A,BMPR2,CNTF",True
tRF-21-INVDRI2QD,123.80606407590908,95.301430195625,-0.3775122100838448,0.2444146058310014,0.8663159662042347,False,ATGTTTAGACGGGCTCACATC,i-tRF,Phe,GAA,MT,True,"SMAD2,BMPR1A,BMPR2,SLC5A7,RORA,BMPR1B",True
tRF-20-BE7XO8Q6,111.7223421431818,40.06955563875,-1.4793393078082282,0.2444146058310014,0.8663159662042347,False,AAAATGTTTAGACGGGCTCA,i-tRF,Phe,GAA,MT,True,"SMAD2,RORA,BMPR2,LIFR,BMP5,CLOCK,LHX8,NR1D2,SLC5A7,KLF7,ARNTL2,KLF4,BMPR1B,NTRK2,LIF,BMP3,IL6ST",True
tRF-19-R29P4PJZ,538.0211574409091,347.41967255625,-0.6309834586088616,0.2444146058310014,0.8663159662042347,False,GGGGATGTAGCTCAGTGGT,5'-tRF,Ala,CGC,Nuclear,False,,False
tRF-20-I363U0EZ,23.616575510181818,15.678079087125,-0.5910509757453668,0.2444146058310014,0.8663159662042347,False,ATGGTGGAGTTAAAGACTTT,i-tRF,Pro,TGG,MT,False,"CNTFR,SMAD2",False
tRF-22-YDU37Y93Q,36.08446446818181,24.723919790750003,-0.5454703540159596,0.2781893086915747,0.8663159662042347,False,TTAACTAAGTGTTTGTGGGTTT,i-tRF,Asn,GTT,MT,False,"SMAD2,NR1D2,RORA",False
tRF-18-B1RHODV,10.28875332040909,8.89309572975,-0.2103105619377991,0.2444146058310014,0.8663159662042347,False,AAACCGGGCGGAAACACC,3'-tRF,Val,CAC,Nuclear,False,,False
tRF-23-897PVP94Z,22.48321161227273,21.6083046910625,-0.0572622438826062,0.2781893086915747,0.8663159662042347,False,TCCTCGTTAGTATAGTGGTGAGT,5'-tRF,Asp,GTC,Nuclear,False,,False
tRF-19-945NB2HQ,29.14061520763636,21.9971894518125,-0.4057121309298646,0.3199905821114741,0.8663159662042347,False,TGGTGGAGTTAAAGACTTT,i-tRF,Pro,TGG,MT,True,"SMAD2,CHAT",True
tRF-16-BS5EOBD,20.543281471181817,14.507065821250002,-0.5019108968235413,0.3039271839666408,0.8663159662042347,False,AACCGGAGATGAAAAC,i-tRF,Thr,TGT,MT,False,,False
tRF-21-JMRPFQ5DD,20.59088543672728,25.0931815880625,0.2852895338052814,0.3199905821114741,0.8663159662042347,False,CAGTCGGTAGAGCATGAGACC,i-tRF,Lys,CTT,Nuclear,False,,False
tRF-21-F9LKXNYQB,11.413518041863636,9.2519246439375,-0.3029181282734843,0.3199905821114741,0.8663159662042347,False,AGCTCCGAGGTGATTTTCATA,5'-tRF,Cys,GCA,MT,False,NTRK2,False
tRF-23-YJE76INB0J,21.80065792318182,22.918362903125,0.0721323188356866,0.3199905821114741,0.8663159662042347,False,TTAGCACTCTGGACTCTGAATCC,i-tRF,Gln,CTG,Nuclear,False,"BMP3,NR1D2",False
tRF-23-Q9B1XSRI0J,49.5478365945,56.8404890973125,0.1980969021992118,0.3199905821114741,0.8663159662042347,False,GCTTCAAACCTGCCGGGGCTTCC,3'-tRF,Cys,GCA,MT,False,"RORB,SMAD2,GBX2",False
tRF-18-OB9ZFHD9,24.61145436245455,18.880969939375,-0.3823970336854563,0.3199905821114741,0.8663159662042347,False,GAAAATGTTTAGACGGGC,i-tRF,Phe,GAA,MT,False,"SMAD2,RORA,BMPR2,CLOCK,BMP5,NR1D2,KLF7,LHX8,LIFR,ARNTL2,BMP2,KLF4,BMP3,BMPR1A,PCYT1A,RORB,LIF,BMPR1B",True
tRF-20-Z3M8ZLSS,60.139800161818194,45.356000864375,-0.4070266336174368,0.3199905821114741,0.8663159662042347,False,TTGGTCGTGGTTGTAGTCCG,i-tRF,Glu,TTC,MT,False,ARNTL,False
tRF-16-DWY2MJE,20.170594876863632,15.9061439073125,-0.3426695043849639,0.3199905821114741,0.8663159662042347,False,AATGTTTAGACGGGCT,i-tRF,Phe,GAA,MT,True,"SMAD2,SLC5A7,LHX8,RORA,BMPR2,RORB,LIFR,BMPR1B,ARNTL2",True
tRF-18-S9R8B7D2,26.15064538759092,28.6988449625,0.1341461221141511,0.2444146058310014,0.8663159662042347,False,GTCTCGGTGGAACCTCCA,3'-tRF,Gln,CTG,Nuclear,False,RORA,False
tRF-23-17NSRJ7K05,12.022731556863636,16.4665423681875,0.4537729382035325,0.3199905821114741,0.8663159662042347,False,AGTCTCTTCGGGGGCGTGGGTTC,i-tRF,Leu,AAG,Nuclear,False,,False
tRF-19-D890YBHW,46.20496502636364,36.3754733055625,-0.3450818669990392,0.3199905821114741,0.8663159662042347,False,AATGGTGGAGTTAAAGACT,i-tRF,Pro,TGG,MT,True,"CNTFR,BMPR1A,COLQ,SMAD2",True
tRF-21-XSXMSL73E,62.22454753454543,48.5376172575,-0.3583805472851304,0.3199905821114741,0.8663159662042347,False,TGCCGTGATCGTATAGTGGTT,5'-tRF,His,GTG,Nuclear,False,,False
tRF-23-XSXMSL730H,139.42283233772727,103.690866740625,-0.4271780161658709,0.3199905821114741,0.8663159662042347,False,TGCCGTGATCGTATAGTGGTTAG,5'-tRF,His,GTG,Nuclear,False,,False
tRF-19-JMRPFQIX,38.94947588145454,46.83393217375,0.2659502567196536,0.3199905821114741,0.8663159662042347,False,CAGTCGGTAGAGCATGGGA,i-tRF,Lys,CTT,Nuclear,False,,False
tRF-19-D7M4O1J2,18.85784625622728,22.695276027312502,0.2672271188570976,0.3039271839666408,0.8663159662042347,False,AATCTCGGTGGAACCTCCA,3'-tRF,Gln,CTG,Nuclear,False,,False
tRF-16-3JWB61B,55.92947132995455,80.203822216375,0.5200622984097896,0.3039271839666408,0.8663159662042347,False,CCGGCTCGAAGGACCA,3'-tRF,Tyr,GTA,Nuclear,False,,False
tRF-21-EXEY0VWUD,119.17180192604545,86.777146954375,-0.4576558506689352,0.3039271839666408,0.8663159662042347,False,ACTTAACTTGACCGCTCTGAC,3'-tRF,Val,TAC,MT,False,"BDNF,NR1D2,BMPR2,LIFR",True
tRF-21-BE7XO8Q6D,229.24443358590904,168.198828796875,-0.4467190435042187,0.3039271839666408,0.8663159662042347,False,AAAATGTTTAGACGGGCTCAC,i-tRF,Phe,GAA,MT,True,"SMAD2,RORA,BMPR2,LIFR,BMP5,CLOCK,LHX8,NR1D2,SLC5A7,KLF7,ARNTL2,KLF4,BMPR1B,NTRK2,LIF,IL6ST,BMP3",True
tRF-21-OB9ZFH69B,324.5369435159092,50.124011623125,-2.694808927118893,0.3039271839666408,0.8663159662042347,False,GAAAATGTTTAGACGGGCTCA,i-tRF,Phe,GAA,MT,False,"SMAD2,RORA,CLOCK,BMPR2,BMP5,NR1D2,LHX8,KLF7,LIFR,ARNTL2,BMP2,BMP3,KLF4,LIF,BMPR1A,PCYT1A,RORB",True
tRF-23-DWY2MJ8F02,49.33568661268182,22.05639441425,-1.1614346161708022,0.3039271839666408,0.8663159662042347,False,AATGTTTAGACGGGCTCACATCA,i-tRF,Phe,GAA,MT,True,"SMAD2,SLC5A7,LHX8,RORA,BMPR2,LIF,LIFR,RORB,BMPR1B,ARNTL2",True
tRF-16-R2Z4R90,181.83749849772724,173.19348618437502,-0.0702650712836332,0.3039271839666408,0.8663159662042347,False,GGGGATTGTGGGTTCG,i-tRF,Arg,CCG,Nuclear,False,,False
tRF-18-HSQSD2D2,93.97134105572728,113.26897258625,0.2694599798246608,0.3039271839666408,0.8663159662042347,False,ATCCGGCTCGAAGGACCA,3'-tRF,Tyr,GTA,Nuclear,False,,False
tRF-20-U0EZY9X1,54.61373314590909,55.186363584375,0.0150480483783912,0.3039271839666408,0.8663159662042347,False,TAAAGACTTTTTCTCTGACC,3'-tRF,Pro,TGG,MT,False,"SMAD2,NTRK2,RORA,BMP3",True
tRF-16-32VIJM0,13.3788329235,18.6397111634375,0.4784272337347821,0.3039271839666408,0.8663159662042347,False,CCGGATAGCTCAGTCG,i-tRF,Lys,TTT,Nuclear,False,,False
tRF-23-VF4YO9XED2,9.444056105727274,11.4462232843125,0.2773931377430076,0.3039271839666408,0.8663159662042347,False,TAGCACTCTGGACTCTGAATCCA,i-tRF,Gln,CTG,Nuclear,False,"CLOCK,SMAD2",False
tRF-18-ME6KM80E,107.34913195322726,167.817145111875,0.6445795915558072,0.3039271839666408,0.8663159662042347,False,CGGATGGAGGCGTGGGTT,i-tRF,Leu,CAA,Nuclear,False,SMAD2,False
tRF-16-W3FJIKB,9.531159918090909,10.460461790875,0.1342228403901049,0.3039271839666408,0.8663159662042347,False,TCGGTAGAGCATGGGA,i-tRF,Lys,CTT,Nuclear,False,,False
tRF-18-H5KQBFD2,11.041381134454546,16.7310366406875,0.5996061903367518,0.3039271839666408,0.8663159662042347,False,ATCACCCCATAAACACCA,3'-tRF,Phe,GAA,MT,False,,False
tRF-23-WR645J7K05,13.021885415772726,10.9624233514375,-0.2483715934181534,0.3039271839666408,0.8663159662042347,False,TCTCCGGATGGAGGCGTGGGTTC,i-tRF,Leu,CAA,Nuclear,False,,False
tRF-16-08Q2B5D,393.8636247454546,356.56979958125,-0.1435116669904843,0.2248044054967917,0.8663159662042347,False,ACCGGGCGGAAACACC,3'-tRF,Val,AAC,Nuclear,False,,False
tRF-20-NONU3IND,50.54683824722727,45.247291368000006,-0.1597894220665292,0.2110580123540187,0.8663159662042347,False,CTTAACTTGACCGCTCTGAC,3'-tRF,Val,TAC,MT,False,"LHX6,SMAD2,NR1D2,CNTF",True
tRF-18-FN5KYU0D,11.183733884363638,13.1255753250625,0.2309787234311833,0.2248044054967917,0.8663159662042347,False,AGATTGAGGGTTCGAGTC,i-tRF,Arg,CCG,Nuclear,False,,False
tRF-21-YBOZZ7NDD,54.23063745636362,55.394816843125,0.0306428644861593,0.1685782600065696,0.8663159662042347,False,TTAAAGACTTTTTCTCTGACC,3'-tRF,Pro,TGG,MT,False,"NTRK2,SMAD2,RORA,BMP5,BMPR1A,NR1D2,BMP2K,CLOCK",True
tRF-21-7O58J0K8E,46.34954870818181,34.3679184225,-0.4314928178420327,0.1528216257036407,0.8663159662042347,False,GTTAAGATGGCAGAGCCCGGT,5'-tRF,Leu,TAA,MT,False,"SMAD2,IL6ST,BMPR2",False
tRF-16-KQ3SW1B,21.2827734725,24.1707839495,0.1835780974644443,0.1528216257036407,0.8663159662042347,False,CCCATCCTCGTCGCCA,3'-tRF,Ser,GCT,Nuclear,False,,False
tRF-16-3JW261B,19.06110479736364,31.1189528965,0.7071617752702446,0.1528216257036407,0.8663159662042347,False,CCGGCTCGGAGGACCA,3'-tRF,Tyr,GTA,Nuclear,False,,False
tRF-21-YO0Y3KQ9D,24.299170953454546,28.9658446804375,0.2534456440637029,0.1528216257036407,0.8663159662042347,False,TTCAAACCTGCCGGGGCTTCC,3'-tRF,Cys,GCA,MT,False,"SMAD2,BMPR2,RORB",False
tRF-20-S8V0J8O9,14.3742355885,16.81265336775,0.2260621916140497,0.1528216257036407,0.8663159662042347,False,GTCGGTAGAGCATGGGACTC,i-tRF,Lys,CTT,Nuclear,False,,False
tRF-21-1SS2P46ID,30.4766009105909,34.159688096875,0.1645927957387138,0.1419181076819251,0.8663159662042347,False,AGTCGGTAGAGCATGGGACTC,i-tRF,Lys,CTT,Nuclear,False,,False
tRF-21-9N1EWJQ7D,23.03928829536364,22.322593733625,-0.0455914830406118,0.1419181076819251,0.8663159662042347,False,TGGTTAGGATTCGGCGCTCTC,i-tRF,Glu,CTC,Nuclear,False,"NR1D2,NTRK2",False
tRF-16-MEF91S0,17.38348865413636,22.259253917562496,0.3566875949413441,0.1419181076819251,0.8663159662042347,False,CGGATAGCTCAGTCGG,i-tRF,Lys,TTT,Nuclear,False,,False
tRF-22-73V2Y8L95,12.170216394045456,13.9436673055,0.1962552321300505,0.1319256487112786,0.8663159662042347,False,GTGGTTAGGATTCGGCGCTCTC,i-tRF,Glu,CTC,Nuclear,False,"NR1D2,SMAD2",False
tRF-19-FBZP7OF1,11.920462502454546,9.7579574755,-0.288789110837286,0.1319256487112786,0.8663159662042347,False,AGAAATTTAGGTTAAATAC,5'-tRF,Trp,TCA,MT,True,"SMAD2,RORB,BCHE,SLC5A7,NR1D2,CLOCK",True
tRF-19-88I26WIZ,109.77477741677272,81.48612491124999,-0.4299202794248877,0.1319256487112786,0.8663159662042347,False,TCCGGATGGAGGCGTGGGT,i-tRF,Leu,CAA,Nuclear,False,,False
tRF-18-73VL4YDN,32.05486003227273,22.5095662689375,-0.5100048510576363,0.2248044054967917,0.8663159662042347,False,GTGGTTAGTACTCTGCGT,i-tRF,His,GTG,Nuclear,False,"NR1D2,NTRK2,SMAD2",False
tRF-22-XSXMSL73O,20.26017491763637,17.090072103937498,-0.2454881459660898,0.1319256487112786,0.8663159662042347,False,TGCCGTGATCGTATAGTGGTTA,5'-tRF,His,GTG,Nuclear,False,,False
tRF-20-9N15WV7W,15.485965058636369,16.659705048875004,0.1054015667081005,0.1203029118770439,0.8663159662042347,False,TGGTTAGTACTCTGCGTTGT,i-tRF,His,GTG,Nuclear,False,"NR1D2,NTRK2,ARNTL2",False
tRF-23-V29K9UV3D9,121.0906343009091,53.618147751875,-1.1752939976208303,0.1203029118770439,0.8663159662042347,False,TAGGATGGGGTGTGATAGGTGGC,5'-tRF,Gln,TTG,MT,False,"RORA,BMPR1A,BDNF,SMAD2",True
tRF-18-B689XXD2,24.90359341086364,31.37013579125,0.3330378462432604,0.1203029118770439,0.8663159662042347,False,AACCATCCTCTGCTACCA,3'-tRF,Met,CAT,Nuclear,False,SMAD2,False
tRF-23-VP9N15WV0E,24.483198573,28.785220276875,0.2335362032136831,0.1203029118770439,0.8663159662042347,False,TATAGTGGTTAGTACTCTGCGTT,i-tRF,His,GTG,Nuclear,False,,False
tRF-19-PR183OJX,20.332673267681816,16.2269601476875,-0.3254071479056168,0.1203029118770439,0.8663159662042347,False,GCCCCAGTGGCCTAATGGA,5'-tRF,Arg,CCT,Nuclear,False,,False
tRF-20-RLXN48Z8,9.57939930990909,14.1974749019375,0.5676272637615765,0.1203029118770439,0.8663159662042347,False,GGGTATGATTCTCGGTTTGG,i-tRF,Pro,TGG,Nuclear,False,,False
tRF-18-B4ZPEKD5,18.183016896818184,10.724844219375,-0.7616348965978026,0.1107184037351431,0.8663159662042347,False,AAATGTTTAGACGGGCTC,i-tRF,Phe,GAA,MT,True,"SMAD2,LHX8,ARNTL2,BMPR2,SLC5A7,RORA,LIFR,NR1D2,CLOCK,LIF,BMPR1A,BMPR1B",True
tRF-19-M8ZLSSJ8,63.685987635636366,49.89441622375,-0.3520976117764958,0.1107184037351431,0.8663159662042347,False,CGTGGTTGTAGTCCGTGCG,i-tRF,Glu,TTC,MT,True,CHAT,True
tRF-23-JMRPFQRD03,100.77324454636364,129.301283266875,0.359623941534509,0.1107184037351431,0.8663159662042347,False,CAGTCGGTAGAGCATGGGACTCT,i-tRF,Lys,CTT,Nuclear,False,,False
tRF-21-73V2Y8L9E,16.922818944545455,18.064457216125,0.0941839990564332,0.101321854532366,0.8663159662042347,False,GTGGTTAGGATTCGGCGCTCT,i-tRF,Glu,CTC,Nuclear,False,"NR1D2,SMAD2",False
tRF-22-12Z4R95MJ,51.542895516,89.3232482404375,0.7932621302330976,0.101321854532366,0.8663159662042347,False,AGGGATTGTGGGTTCGAGTCCC,i-tRF,Arg,CCT,Nuclear,False,,False
tRF-18-S4I7MN04,17.037207975636363,25.22957497975,0.5664269738275207,0.101321854532366,0.8663159662042347,False,GTATGATTCTCGGTTTGG,i-tRF,Pro,TGG,Nuclear,False,"BMPR2,RORB",False
tRF-20-OB9ZFH69,90.8134269854091,36.5455057925,-1.3132116185284586,0.101321854532366,0.8663159662042347,False,GAAAATGTTTAGACGGGCTC,i-tRF,Phe,GAA,MT,False,"SMAD2,RORA,CLOCK,BMPR2,BMP5,NR1D2,KLF7,LHX8,LIFR,ARNTL2,BMP2,KLF4,BMP3,LIF,BMPR1A,PCYT1A,RORB",True
tRF-18-UIX1Q7DR,106.61549685272728,79.63542741937499,-0.420934862439676,0.1685782600065696,0.8663159662042347,False,TAACTTGACCGCTCTGAC,3'-tRF,Val,TAC,MT,False,"LHX6,SMAD2,CLOCK",False
tRF-22-76DRR4KR5,18.26671491072727,21.5388503575,0.2377240449042563,0.1685782600065696,0.8663159662042347,False,GTTCAAATCCGGGTGCCCCCTC,3'-tRF,Cys,GCA,Nuclear,False,"SMAD2,CNTFR,RORB,BMPR2,BMP5,KLF7,NR1D2,CLOCK",True
tRF-19-1KVUY92E,83.36437134568182,44.44228104125,-0.9074980633614508,0.1319256487112786,0.8663159662042347,False,AGGGGTATGATTCTCGGTT,i-tRF,Pro,TGG,Nuclear,False,,False
tRF-18-88I26WDY,13.979921736090908,10.5066182715625,-0.4120578952720479,0.1685782600065696,0.8663159662042347,False,TCCGGATGGAGGCGTGGG,i-tRF,Leu,CAA,Nuclear,False,,False
tRF-22-08F4BDNZ5,9.616579748727274,11.226454924749998,0.2233066486637422,0.1685782600065696,0.8663159662042347,False,ACCGGAGATGAAAACCTTTTTC,i-tRF,Thr,TGT,MT,False,,False
tRF-23-4PW3FJHPW,36.88981049995454,39.797201069375,0.1094445917899165,0.2110580123540187,0.8663159662042347,False,CTCAGTCGGTAGAGCATCAGACT,i-tRF,Lys,TTT,Nuclear,False,,False
tRF-23-93W0K6MYD9,9.327223509454546,10.7596545810625,0.2061121691513778,0.2110580123540187,0.8663159662042347,False,TGGGTTCGAGCCCCACGTTGGGC,i-tRF,Lys,CTT,Nuclear,False,,False
tRF-21-MN1E8Y7ZD,15.796481135954547,18.009773550062498,0.189176825507205,0.2110580123540187,0.8663159662042347,False,CGGTTAGGATTCCTGGTTTTC,i-tRF,Glu,TTC,Nuclear,False,,False
tRF-22-DRFU8U76F,36.97781399372727,30.132495487,-0.2953397821428689,0.2110580123540187,0.8663159662042347,False,AATCCAGCGATCCGAGTTCAAA,i-tRF,Gln,CTG,Nuclear,False,SMAD2,False
tRF-21-JMRPFQJDE,34.44593118222727,25.40269891125,-0.4393517947982177,0.2110580123540187,0.8663159662042347,False,CAGTCGGTAGAGCATCAGACT,i-tRF,Lys,TTT,Nuclear,False,,False
tRF-19-1SS2PMER,46.66484484772728,46.615651013125,-0.0015216837592397,0.2110580123540187,0.8663159662042347,False,AGTCGGTAGAGCATCAGAC,i-tRF,Lys,TTT,Nuclear,False,,False
tRF-22-YBOZZ7ND2,69.26365373863636,84.87790181875,0.2932904998892622,0.2110580123540187,0.8663159662042347,False,TTAAAGACTTTTTCTCTGACCA,3'-tRF,Pro,TGG,MT,False,"NTRK2,SMAD2,RORA,BMP5,BMPR1A,NR1D2,BMP2K,CLOCK",True
tRF-16-884U1DD,268.5168182831819,246.93191873375,-0.1208991196765847,0.192612218124749,0.8663159662042347,False,TCCGGCTCGAAGGACC,3'-tRF,Tyr,GTA,Nuclear,False,,False
tRF-16-F0QV7ND,16.06826327118182,16.5576587928125,0.0432846895753611,0.192612218124749,0.8663159662042347,False,AGAAGGCTGCGTGTTC,i-tRF,Trp,CCA,Nuclear,True,"BMPR2,PRIMA1",True
tRF-23-5BF900BYDO,85.61065387818182,85.24510971,-0.006173272147814,0.192612218124749,0.8663159662042347,False,GAGAAAGCTCACAAGAACTGCTA,5'-tRF,Ser,GCT,MT,False,"SMAD2,KLF7,BMPR1B,RORA,BMPR1A,BMPR2,CNTF",True
tRF-23-EXEY0VWUD2,296.06391579090905,417.0014473613125,0.4941437252421874,0.192612218124749,0.8663159662042347,False,ACTTAACTTGACCGCTCTGACCA,3'-tRF,Val,TAC,MT,False,"BDNF,NR1D2,BMPR2,LIFR",True
tRF-22-DWY2MJ8F5,39.66909973940909,19.4761188455,-1.026309447731924,0.192612218124749,0.8663159662042347,False,AATGTTTAGACGGGCTCACATC,i-tRF,Phe,GAA,MT,True,"SMAD2,SLC5A7,LHX8,RORA,BMPR2,LIF,LIFR,RORB,BMPR1B,ARNTL2",True
tRF-19-W3FJIKE5,18.90085021681818,23.38741513525,0.3072812857924853,0.2110580123540187,0.8663159662042347,False,TCGGTAGAGCATGGGACTC,i-tRF,Lys,CTT,Nuclear,False,,False
tRF-23-2YU04DYJDE,22.26726412386364,27.8383002713125,0.3221468152326032,0.192612218124749,0.8663159662042347,False,CACTGTAAAGCTAACTTAGCATT,5'-tRF,Lys,TTT,MT,False,"SMAD2,ARNTL,ARNTL2",False
tRF-18-YSQSD2D2,329.43344182318174,404.72773565375,0.2969647040793077,0.192612218124749,0.8663159662042347,False,TTCCGGCTCGAAGGACCA,3'-tRF,Tyr,GTA,Nuclear,False,NTRK1,False
tRF-21-WB8HWKS5D,30.47715369409091,37.25568246,0.2897323171284016,0.1685782600065696,0.8663159662042347,False,TCGAATCACGTCGGGGTCACC,3'-tRF,Trp,CCA,Nuclear,False,,False
tRF-19-Z87HFKJJ,14.157609264499998,9.3866127591875,-0.5929011163331697,0.1685782600065696,0.8663159662042347,False,TTTGGGTGCGAGAGGTCCC,i-tRF,Pro,TGG,Nuclear,False,"SMAD2,NTRK2",False
tRF-21-YDU37Y93E,19.350683578545457,13.6992844859375,-0.4982839884929664,0.1805934826337838,0.8663159662042347,False,TTAACTAAGTGTTTGTGGGTT,i-tRF,Asn,GTT,MT,False,"SMAD2,NR1D2,RORA",False
tRF-23-79MP9PMNDD,12.422816873772728,11.875415712875,-0.0650143241964684,0.1805934826337838,0.8663159662042347,False,GTTTCCGTAGTGTAGCGGTTATC,5'-tRF,Val,CAC,Nuclear,False,,False
tRF-16-BS68BFD,36.99249238727274,39.2199940775,0.0843568116520119,0.1805934826337838,0.8663159662042347,False,AACCGGGCGGAAACAC,3'-tRF,Val,AAC,Nuclear,False,,False
tRF-22-18Y3E7QNN,16.69184257595455,14.1156666461875,-0.241845954310353,0.1685782600065696,0.8663159662042347,False,AGTGGTTAGTACTCTGCGTTGT,i-tRF,His,GTG,Nuclear,False,"BMP2,SMAD2",False
tRF-21-V47P596VE,158.90828743227274,96.40639434375,-0.7209936221813722,0.1805934826337838,0.8663159662042347,False,TAGTGGTTAGGATTCGGCGCT,i-tRF,Glu,CTC,Nuclear,False,"BMP2,SMAD2",False
tRF-22-1SS2P46I3,28.450609495772724,34.324139996375,0.2707640139481864,0.1805934826337838,0.8663159662042347,False,AGTCGGTAGAGCATGGGACTCT,i-tRF,Lys,CTT,Nuclear,False,,False
tRF-22-43RX6NMH3,98.45819426772728,64.424022516875,-0.6119125379121391,0.1805934826337838,0.8663159662042347,False,CTAGTGGTTAGGATTCGGCGCT,i-tRF,Glu,CTC,Nuclear,False,ARNTL2,False
tRF-23-86J8WPMNY,23.28567631818182,30.201525557437503,0.3751786407026056,0.1805934826337838,0.8663159662042347,False,TCCCACATGGTCTAGCGGTTAGG,5'-tRF,Glu,TTC,Nuclear,False,LIFR,False
tRF-20-5BF900BY,213.3456321240909,247.22694590625,0.2126434206851692,0.1805934826337838,0.8663159662042347,False,GAGAAAGCTCACAAGAACTG,5'-half,Ser,GCT,MT,False,"SMAD2,KLF7,BMPR1B,RORA,BMPR1A,BMPR2,CNTF",True
tRF-16-PSQP4PE,561.9515103163637,668.089410734375,0.2495955436900097,0.4426654631724772,0.8735265139936882,False,GCCCGGCTAGCTCAGT,5'-tRF,Lys,CTT,Nuclear,False,,False
tRF-20-9N1EWJQ7,28.24477779609091,25.8688231225,-0.12676972944445,0.4121521254824571,0.8735265139936882,False,TGGTTAGGATTCGGCGCTCT,i-tRF,Glu,CTC,Nuclear,False,"NR1D2,NTRK2",False
tRF-19-YDZDL9JR,180.54577768454544,143.136360145,-0.3349744827069694,0.4121521254824571,0.8735265139936882,False,TTAACTTGACCGCTCTGAC,3'-tRF,Val,TAC,MT,False,"LHX6,SMAD2,CLOCK,NR1D2",True
tRF-21-4KRQ59W3E,20.542318645545457,12.3279945543125,-0.736660900547851,0.4121521254824571,0.8735265139936882,False,CTAGGGGTATGATTCTCGGTT,i-tRF,Pro,TGG,Nuclear,False,,False
tRF-21-Q622EVUID,48.67662268140909,29.55130695625,-0.7200071359271183,0.4121521254824571,0.8735265139936882,False,GCTCACAAGAACTGCTAACTC,i-tRF,Ser,GCT,MT,False,SMAD2,False
tRF-22-Z3M8ZLSSP,57.19996055336364,16.913759473000002,-1.7578167844559394,0.4121521254824571,0.8735265139936882,False,TTGGTCGTGGTTGTAGTCCGTG,i-tRF,Glu,TTC,MT,False,ARNTL,False
tRF-21-2E489B3RB,18.25760744436364,18.919491225875,0.0513755721904232,0.4121521254824571,0.8735265139936882,False,CAAATCTCGGTGGAACCTCCA,3'-tRF,Gln,CTG,Nuclear,False,"SMAD2,RORA,BMPR2,ARNTL2,RORB",True
tRF-21-FSXMSL73E,16.437186102318183,13.7023423579375,-0.2625408068749126,0.4121521254824571,0.8735265139936882,False,AGCCGTGATCGTATAGTGGTT,5'-tRF,His,GTG,Nuclear,False,,False
tRF-21-D890YBOZE,24.450519305090907,19.6582987740625,-0.3147266304437774,0.4121521254824571,0.8735265139936882,False,AATGGTGGAGTTAAAGACTTT,i-tRF,Pro,TGG,MT,True,"CNTFR,BMPR1A,COLQ,SMAD2",True
tRF-21-DRFU8U76B,24.717507100590907,18.917748167875,-0.3857928757838618,0.4121521254824571,0.8735265139936882,False,AATCCAGCGATCCGAGTTCAA,i-tRF,Gln,CTG,Nuclear,False,SMAD2,False
tRF-16-INVDRID,223.94256448272728,180.16423365,-0.313816130907611,0.4121521254824571,0.8735265139936882,False,ATGTTTAGACGGGCTC,i-tRF,Phe,GAA,MT,True,"SMAD2,BMPR1A,BMPR2,SLC5A7,RORA,BMPR1B",True
tRF-18-OSM83O04,20.21892691004545,25.90145433975,0.3573266756688271,0.4426654631724772,0.8735265139936882,False,GACCGCGTGGCCTAATGG,5'-tRF,Arg,TCG,Nuclear,False,,False
tRF-18-WKXU53DJ,18.153794322318184,13.6588766180625,-0.4104322840029835,0.4121521254824571,0.8735265139936882,False,TCGGGTGCGAGAGGTCCC,i-tRF,Pro,CGG,Nuclear,False,,False
tRF-18-RPM830D4,53.067376481818194,49.35260509456249,-0.1046989874278541,0.4426654631724772,0.8735265139936882,False,GGTAGCGTGGCCGAGCGG,5'-tRF,Leu,AAG,Nuclear,False,,False
tRF-23-1HPSR9O9DK,21.413885698636367,22.6263417045,0.0794567376166792,0.4426654631724772,0.8735265139936882,False,AGGCGGCCCGGGTTCGACTCCCG,i-tRF,Glu,TTC,Nuclear,False,,False
tRF-22-8NRS9NS3J,13.540843872863634,11.77212899475,-0.2019423952555792,0.4426654631724772,0.8735265139936882,False,TCATTGGTCGTGGTTGTAGTCC,i-tRF,Glu,TTC,MT,False,"BMP2,NPAS2,BMP7,BMPER,NTRK2",True
tRF-21-9M739P8W0,16.46712144559091,13.8548477040625,-0.2491975326681914,0.4426654631724772,0.8735265139936882,False,TGGTCGTGGTTGTAGTCCGTG,i-tRF,Glu,TTC,MT,False,,False
tRF-23-9KIWRNL3DJ,56.94386917809091,90.53745846756252,0.668974284837974,0.4426654631724772,0.8735265139936882,False,TGGGGATTGTGGGTTCGAGTCCC,i-tRF,Arg,CCG,Nuclear,False,"NTRK2,BMP7",False
tRF-20-ML5F82NZ,13.502340208409093,13.040804135,-0.0501766418100446,0.4426654631724772,0.8735265139936882,False,CGGTAGAGCATCAGACTTTT,i-tRF,Lys,TTT,Nuclear,False,SMAD2,False
tRF-23-XBINVDRID1,20.31347892645454,14.259819587375,-0.5104816104075431,0.4426654631724772,0.8735265139936882,False,TGAAAATGTTTAGACGGGCTCAC,i-tRF,Phe,GAA,MT,True,"SMAD2,RORA,RORB,PCYT1A,BMP3,LIFR,LHX8,BMPR1A,CLOCK,BDNF,BMPR2,SLC5A7,PRIMA1,BMP5",True
tRF-23-18Y3E7QN00,22.315631839818185,25.979412287,0.2193141388203283,0.4426654631724772,0.8735265139936882,False,AGTGGTTAGTACTCTGCGTTGTG,i-tRF,His,GTG,Nuclear,False,"BMP2,SMAD2",False
tRF-20-4ZMKQ4R9,18.11064316072727,22.135965201,0.2895544996391601,0.4426654631724772,0.8735265139936882,False,CTCTTCGGGGGCGTGGGTTC,i-tRF,Leu,AAG,Nuclear,False,,False
tRF-21-YDZDL9X1B,446.1414113272728,705.3885785649375,0.6609171494411221,0.4426654631724772,0.8735265139936882,False,TTAACTTGACCGCTCTGACCA,3'-tRF,Val,TAC,MT,False,"LHX6,SMAD2,CLOCK,NR1D2",True
tRF-19-OB9ZFHIW,94.26775519909091,72.92807858375,-0.370289989261372,0.4426654631724772,0.8735265139936882,False,GAAAATGTTTAGACGGGCT,i-tRF,Phe,GAA,MT,False,"SMAD2,RORA,BMPR2,CLOCK,BMP5,NR1D2,KLF7,LHX8,LIFR,ARNTL2,BMP2,KLF4,BMP3,LIF,BMPR1A,PCYT1A,RORB",True
tRF-16-88481DD,16.34758891986364,18.7710095281875,0.1994283715906464,0.4426654631724772,0.8735265139936882,False,TCCGGCTCGGAGGACC,3'-tRF,Tyr,GTA,Nuclear,False,,False
tRF-22-U4727OFIQ,19.8241035125,16.8741420908125,-0.2324414706766564,0.4426654631724772,0.8735265139936882,False,TAATGGTGGAGTTAAAGACTTT,i-tRF,Pro,TGG,MT,False,"RORB,SMAD2,CNTFR,BMPR1A",True
tRF-21-ZLBS5EOBD,10.66151538977273,13.177888599249998,0.3057067237455011,0.4426654631724772,0.8735265139936882,False,TTGTAAACCGGAGATGAAAAC,i-tRF,Thr,TGT,MT,True,"LHX8,RORA,SMAD2,LIFR,CLOCK,BCHE,BMP2K,IL6ST",True
tRF-19-INVDRIFU,934.0504711318182,666.63463638125,-0.4866042300267725,0.4121521254824571,0.8735265139936882,False,ATGTTTAGACGGGCTCACA,i-tRF,Phe,GAA,MT,True,"SMAD2,BMPR1A,BMPR2,SLC5A7,RORA,BMPR1B",True
tRF-19-9N15WV2P,42.06934770063637,36.326212328125,-0.2117585025520698,0.4426654631724772,0.8735265139936882,False,TGGTTAGTACTCTGCGTTG,i-tRF,His,GTG,Nuclear,False,"NR1D2,NTRK2,ARNTL2,SMAD2",True
tRF-21-2Q2RJO01B,29.458951983,30.65748749375,0.0575333604067394,0.4121521254824571,0.8735265139936882,False,CACATCACCCCATAAACACCA,3'-tRF,Phe,GAA,MT,False,"NTRK2,SMAD2,RORA,CLOCK,BMPR1A",True
tRF-20-79MP9P9M,12.478494367181815,11.1907742858125,-0.1571340123570426,0.4426654631724772,0.8735265139936882,False,GTTTCCGTAGTGTAGTGGTC,5'-tRF,Val,AAC,Nuclear,False,,False
tRF-16-H9R8B7D,48.15973079809091,49.30572925187499,0.0339279675621373,0.4121521254824571,0.8735265139936882,False,ATCTCGGTGGAACCTC,3'-tRF,Gln,CTG,Nuclear,False,,False
tRF-22-BZBZOS4Y1,58.20007059227273,48.0488922895,-0.2765177312632811,0.3364747469271258,0.8735265139936882,False,AACTTAACTTGACCGCTCTGAC,3'-tRF,Val,TAC,MT,False,"NR1D2,LIFR,SMAD2,RORB",True
tRF-23-9M739P8WD8,39.92500194454546,38.651439485,-0.0467703328550168,0.3364747469271258,0.8735265139936882,False,TGGTCGTGGTTGTAGTCCGTGCG,i-tRF,Glu,TTC,MT,False,,False
tRF-18-9N15WV0E,17.763807668227276,12.13520112075,-0.5497428372421806,0.3364747469271258,0.8735265139936882,False,TGGTTAGTACTCTGCGTT,i-tRF,His,GTG,Nuclear,False,"NR1D2,NTRK2,ARNTL2,SMAD2",True
tRF-18-S8V0J8DR,12.675644436681818,15.3139858019375,0.2727907283597011,0.3364747469271258,0.8735265139936882,False,GTCGGTAGAGCATGGGAC,i-tRF,Lys,CTT,Nuclear,False,,False
tRF-18-9N1EWJDW,46.10950896454545,38.255150373125,-0.2694103080777097,0.3364747469271258,0.8735265139936882,False,TGGTTAGGATTCGGCGCT,i-tRF,Glu,CTC,Nuclear,False,"NR1D2,NTRK2",False
tRF-23-2IUIX1Q7DR,66.64009920681816,51.14302765375,-0.3818529781650603,0.3364747469271258,0.8735265139936882,False,CAACTTAACTTGACCGCTCTGAC,3'-tRF,Val,TAC,MT,False,"SMAD2,BMPR2,LIFR,KLF4",True
tRF-18-DWY2MJ02,84.80052942318183,39.482213893125,-1.102870383235735,0.3662565311681431,0.8735265139936882,False,AATGTTTAGACGGGCTCA,i-tRF,Phe,GAA,MT,True,"SMAD2,SLC5A7,LHX8,RORA,BMPR2,LIF,RORB,LIFR,BMPR1B,ARNTL2",True
tRF-22-B4ZPEK45I,54.15095977840908,40.31112987875,-0.4258086875815525,0.3662565311681431,0.8735265139936882,False,AAATGTTTAGACGGGCTCACAT,i-tRF,Phe,GAA,MT,True,"SMAD2,LHX8,ARNTL2,BMPR2,SLC5A7,RORA,LIFR,NR1D2,LIF,CLOCK,BMPR1A,BMPR1B",True
tRF-20-YDZDL9X1,719.1483747000001,708.5558146816875,-0.0214079559795301,0.3662565311681431,0.8735265139936882,False,TTAACTTGACCGCTCTGACC,3'-tRF,Val,TAC,MT,False,"LHX6,SMAD2,CLOCK,NR1D2",True
tRF-19-7P596VJ5,21.20215229040909,28.306909325625,0.4169435137014483,0.3662565311681431,0.8735265139936882,False,GTTAGGATTCGGCGCTCTC,i-tRF,Glu,CTC,Nuclear,False,"RORA,BMPR2",False
tRF-21-V47PU9XWE,17.05765746440909,10.5969527196875,-0.6867700740780549,0.3662565311681431,0.8735265139936882,False,TAGTGGTTAGTACTCTGCGTT,i-tRF,His,GTG,Nuclear,False,"BMP2,SMAD2",False
tRF-20-88I26WRN,34.32507878281819,30.135080355625,-0.1878191198809622,0.3662565311681431,0.8735265139936882,False,TCCGGATGGAGGCGTGGGTT,i-tRF,Leu,CAA,Nuclear,False,,False
tRF-23-I8W47W1R00,36.688794903318175,14.0283566863125,-1.3869934996844997,0.3662565311681431,0.8735265139936882,False,ATTGGTCGTGGTTGTAGTCCGTG,i-tRF,Glu,TTC,MT,False,ARNTL,False
tRF-16-KJ5R5ND,25.77864822336364,35.569515138125,0.464464694726419,0.3662565311681431,0.8735265139936882,False,CCAGCGATCCGAGTTC,i-tRF,Gln,CTG,Nuclear,True,"BCHE,ACHE",True
tRF-23-OB9ZFH69U,367.5946682227273,105.39527170125,-1.8023056957324288,0.4121521254824571,0.8735265139936882,False,GAAAATGTTTAGACGGGCTCACA,i-tRF,Phe,GAA,MT,False,"SMAD2,RORA,CLOCK,BMPR2,NR1D2,BMP5,LHX8,KLF7,LIFR,ARNTL2,BMP2,BMP3,KLF4,LIF,BMPR1A,PCYT1A,RORB",True
tRF-18-YKISQID5,43.80448861859091,58.54049106,0.4183561382135892,0.3662565311681431,0.8735265139936882,False,TTAGGATTCGGCGCTCTC,i-tRF,Glu,CTC,Nuclear,False,"RORA,BMPR2",False
tRF-20-V47PU9XW,18.193395432318184,15.6811930089375,-0.2143794958337808,0.3838170405666244,0.8735265139936882,False,TAGTGGTTAGTACTCTGCGT,i-tRF,His,GTG,Nuclear,False,"BMP2,SMAD2",False
tRF-19-2DN1RJKJ,15.492102865409093,13.47211957325,-0.201556137436011,0.3838170405666244,0.8735265139936882,False,CAAACCTGCCGGGGCTTCC,3'-tRF,Cys,GCA,MT,False,"SMAD2,BMPR2",False
tRF-19-NSRJ7KKK,13.11509692095455,13.78730523375,0.0721120365400365,0.3838170405666244,0.8735265139936882,False,CTTCGGGGGCGTGGGTTCG,i-tRF,Leu,AAG,Nuclear,False,,False
tRF-20-2Q2RJO01,17.41341482345455,14.8323344096875,-0.2314534711725993,0.3838170405666244,0.8735265139936882,False,CACATCACCCCATAAACACC,3'-tRF,Phe,GAA,MT,False,"NTRK2,SMAD2,RORA,CLOCK,BMPR1A",True
tRF-19-XSXMSL24,49.78676227545455,41.260259681250005,-0.2710092961505381,0.3838170405666244,0.8735265139936882,False,TGCCGTGATCGTATAGTGG,5'-tRF,His,GTG,Nuclear,False,,False
tRF-21-J9ZH0SR90,25.54801592490909,18.954183072625,-0.4306949773694351,0.3838170405666244,0.8735265139936882,False,CATTCTTGCGACCCGGGTTCG,i-tRF,Gly,CCC,Nuclear,False,"SMAD2,RORB,CLOCK,IL6R",True
tRF-16-MPW4PU0,94.72936764181816,84.937486766,-0.1574103328247318,0.3838170405666244,0.8735265139936882,False,CGTAGTCGTGGCCGAG,5'-tRF,Ser,TGA,Nuclear,False,,False
tRF-16-K8QJP1B,15.579115019363634,14.0120669841875,-0.1529434925798485,0.4121521254824571,0.8735265139936882,False,CCCGGGCGGCGCACCA,3'-tRF,Gly,CCC,Nuclear,False,,False
tRF-18-NSRJ7K05,21.888998395636364,26.1744130478125,0.2579512448897372,0.4121521254824571,0.8735265139936882,False,CTTCGGGGGCGTGGGTTC,i-tRF,Leu,AAG,Nuclear,False,,False
tRF-22-NONU3IND2,153.72995098181818,203.115101188,0.4018992344353593,0.3662565311681431,0.8735265139936882,False,CTTAACTTGACCGCTCTGACCA,3'-tRF,Val,TAC,MT,False,"LHX6,SMAD2,NR1D2,CNTF",True
tRF-20-U4727OFI,23.65196068922728,20.159437295625,-0.2305044145015564,0.4121521254824571,0.8735265139936882,False,TAATGGTGGAGTTAAAGACT,i-tRF,Pro,TGG,MT,False,"RORB,SMAD2,CNTFR,BMPR1A",True
tRF-22-WB8US5652,43.63980622136364,37.49700721562501,-0.2188692425089797,0.4121521254824571,0.8735265139936882,False,TCGAATCCGAGTCACGGCACCA,3'-tRF,His,GTG,Nuclear,False,NR1D2,False
tRF-22-7OFIZ9WUJ,33.50023293386364,28.450389266875,-0.2357227348953046,0.4121521254824571,0.8735265139936882,False,GTTAAAGACTTTTTCTCTGACC,3'-tRF,Pro,TGG,MT,False,"SMAD2,RORA,BMP5,NR1D2,BMPR1A,BMPR2,NTRK2,BMP2K,IL6ST",True
tRF-19-7X9PN5HJ,19.491000245,18.801666047,-0.0519476219705863,0.4610876519789237,0.8862463960114377,False,GTTTATGTAGCTTACCTCC,5'-tRF,Phe,GAA,MT,False,"SMAD2,BDNF,BMPR1A",False
tRF-23-I34JRX6ND3,10.435069308454544,10.7809753760625,0.0470475247214956,0.4610876519789237,0.8862463960114377,False,ATGGTCTAGCGGTTAGGATTCCT,i-tRF,Glu,TTC,Nuclear,False,"BDNF,SMAD2",False
tRF-22-5BF900BY3,415.0611461363637,450.0109461125,0.1166362065165191,0.4610876519789237,0.8862463960114377,False,GAGAAAGCTCACAAGAACTGCT,5'-tRF,Ser,GCT,MT,False,"SMAD2,KLF7,BMPR1B,RORA,BMPR1A,BMPR2,CNTF",True
tRF-16-1SS2P40,21.616100460681817,18.1107294036875,-0.2552616331795079,0.4610876519789237,0.8862463960114377,False,AGTCGGTAGAGCATGG,i-tRF,Lys,CTT,Nuclear,False,,False
tRF-19-3IRW18JD,10.267013407045456,12.692855981,0.3060001480249461,0.4610876519789237,0.8862463960114377,False,CCGCTGGTGTAGTGGTATC,i-tRF,Gly,CCC,Nuclear,False,,False
tRF-23-H3RXSINH0P,13.664606593863637,11.677545854,-0.2267068148929962,0.4610876519789237,0.8862463960114377,False,ATAGTGGTTAGTACTCTGCGTTG,i-tRF,His,GTG,Nuclear,False,,False
tRF-22-WB0Q37Q52,72.93143800227273,75.73889791625,0.0544935883396142,0.4956528744534173,0.9056373508531576,False,TCGAAACCATCCTCTGCTACCA,3'-tRF,Met,CAT,Nuclear,False,,False
tRF-16-ZDL9X1B,1113.7012813772728,1503.589721483875,0.4330486355426064,0.4956528744534173,0.9056373508531576,False,TTGACCGCTCTGACCA,3'-tRF,Val,TAC,MT,False,,False
tRF-18-Z3M8ZL0D,23.052924327636365,14.815232621125,-0.6378684932171552,0.4956528744534173,0.9056373508531576,False,TTGGTCGTGGTTGTAGTC,i-tRF,Glu,TTC,MT,False,ARNTL,False
tRF-18-69M8LO04,49.32662416809091,38.82677452,-0.3453146927167463,0.4956528744534173,0.9056373508531576,False,GGCTCCGTGGCGCAATGG,5'-tRF,Arg,TCT,Nuclear,False,,False
tRF-19-Z3M8ZL2J,122.42348685322726,136.76982718125,0.1598696275513349,0.4956528744534173,0.9056373508531576,False,TTGGTCGTGGTTGTAGTCC,i-tRF,Glu,TTC,MT,False,ARNTL,False
tRF-20-INVDRI2Q,611.1245934754547,434.37997674375,-0.4925089385932786,0.4956528744534173,0.9056373508531576,False,ATGTTTAGACGGGCTCACAT,i-tRF,Phe,GAA,MT,True,"SMAD2,BMPR1A,BMPR2,SLC5A7,RORA,BMPR1B",True
tRF-20-184KISQI,31.11155241159091,19.3847108160625,-0.6825311716912941,0.4956528744534173,0.9056373508531576,False,AGTGGCTAGGATTCGGCGCT,i-tRF,Glu,TTC,Nuclear,False,BMPR2,False
tRF-22-EXEY0VWUJ,532.4170952309091,494.7316678669375,-0.1059106454505478,0.4956528744534173,0.9056373508531576,False,ACTTAACTTGACCGCTCTGACC,3'-tRF,Val,TAC,MT,False,"BDNF,NR1D2,BMPR2,LIFR",True
tRF-21-S3M8309NB,39.474848627272735,35.100757678125,-0.1694315612469745,0.4956528744534173,0.9056373508531576,False,GTAGTCGTGGCCGAGTGGTTA,5'-tRF,Ser,TGA,Nuclear,False,,False
tRF-20-739P8WQ0,19.396051255136364,11.115068573,-0.8032461223375407,0.4956528744534173,0.9056373508531576,False,GTGGTTGTAGTCCGTGCGAG,i-tRF,Glu,TTC,MT,False,"SMAD2,RORA",False
tRF-19-69M8LOJX,204.65941826181816,181.08989731000003,-0.1765189968848792,0.4956528744534173,0.9056373508531576,False,GGCTCCGTGGCGCAATGGA,5'-tRF,Arg,TCT,Nuclear,False,,False
tRF-19-OSM83OJX,361.1799103131819,439.86565837937496,0.2843453212343441,0.4956528744534173,0.9056373508531576,False,GACCGCGTGGCCTAATGGA,5'-tRF,Arg,TCG,Nuclear,False,,False
tRF-18-8R6Q46D2,93.62599132181818,67.3520583225,-0.4751870530030828,0.5232949034015594,0.9111487729815386,False,TCCCCGGCATCTCCACCA,3'-tRF,Ala,CGC,Nuclear,False,,False
tRF-22-9N1EWJQ72,31.7608258555,23.9838990974375,-0.4051822075474272,0.5232949034015594,0.9111487729815386,False,TGGTTAGGATTCGGCGCTCTCA,i-tRF,Glu,CTC,Nuclear,False,"NR1D2,NTRK2",False
tRF-18-W3FJHPW,16.308202603227276,18.126970925125,0.1525400810428197,0.5232949034015594,0.9111487729815386,False,TCGGTAGAGCATCAGACT,i-tRF,Lys,TTT,Nuclear,False,,False
tRF-19-9M739PJK,41.01021682336364,51.5179444716875,0.3290916608271237,0.5232949034015594,0.9111487729815386,False,TGGTCGTGGTTGTAGTCCG,i-tRF,Glu,TTC,MT,False,,False
tRF-18-HR0VX6D2,42.22930295136364,37.869431128125,-0.1572106844857757,0.5232949034015594,0.9111487729815386,False,ATCCCACCGCTGCCACCA,3'-tRF,Leu,TAG,Nuclear,False,SMAD2,False
tRF-22-VP9N15WVN,22.807982918545456,27.513249991875,0.2705877035871946,0.5232949034015594,0.9111487729815386,False,TATAGTGGTTAGTACTCTGCGT,i-tRF,His,GTG,Nuclear,False,,False
tRF-23-S3M8309NS,210.7681150209091,145.175900935625,-0.5378546455470206,0.5232949034015594,0.9111487729815386,False,GTAGTCGTGGCCGAGTGGTTAAG,5'-tRF,Ser,TGA,Nuclear,False,,False
tRF-21-JYSWRYVMD,47.67504401727273,51.214215486875,0.1033100429192082,0.5232949034015594,0.9111487729815386,False,CATTGGTCGTGGTTGTAGTCC,i-tRF,Glu,TTC,MT,False,"NTRK2,BMP7",False
tRF-18-F8DHXYD9,27.516836640545453,23.93595700975,-0.2011351369132903,0.5232949034015594,0.9111487729815386,False,AGCGGAAGCGTGCTGGGC,i-tRF,Met,CAT,Nuclear,False,,False
tRF-19-S8V0J8HW,18.994138742,19.399582983125,0.0304713434665906,0.5232949034015594,0.9111487729815386,False,GTCGGTAGAGCATGGGACT,i-tRF,Lys,CTT,Nuclear,False,,False
tRF-21-18Y3E7QN0,23.603778429090912,19.667294795,-0.2632192899353036,0.5232949034015594,0.9111487729815386,False,AGTGGTTAGTACTCTGCGTTG,i-tRF,His,GTG,Nuclear,False,"BMP2,SMAD2",False
tRF-22-WR645J7KQ,60.63204249918183,52.347244870625005,-0.2119668155024472,0.5232949034015594,0.9111487729815386,False,TCTCCGGATGGAGGCGTGGGTT,i-tRF,Leu,CAA,Nuclear,False,,False
tRF-23-RPFQRDWXDD,22.46781441318182,29.342728648125,0.3851432455485577,0.5985054708086729,0.9175417999918316,False,GGTAGAGCATGGGACTCTTAATC,i-tRF,Lys,CTT,Nuclear,False,SMAD2,False
tRF-16-3KMB01B,108.6892015340909,104.865098638125,-0.0516740153211161,0.5985054708086729,0.9175417999918316,False,CCGGGCGGAAACACCA,3'-tRF,Val,AAC,Nuclear,False,BMP4,False
tRF-16-8871K9D,31.55448094704545,30.6631254595,-0.0413401352370694,0.5985054708086729,0.9175417999918316,False,TCCGGGTGCCCCCTCC,3'-tRF,Cys,GCA,Nuclear,False,,False
tRF-21-RE987S1RD,22.56425024859091,26.72931418275,0.2443839792360442,0.6323598891835597,0.9175417999918316,False,GGGATTGTGGGTTCGAGTCCC,i-tRF,Arg,CCT,Nuclear,False,,False
tRF-16-HSRVK7D,10.526876042136363,10.4715499446875,-0.0076023670701177,0.6323598891835597,0.9175417999918316,False,ATCCGGGTGCCCCCTC,3'-tRF,Cys,GCA,Nuclear,False,,False
tRF-16-3VMKNRB,19.2782765745,29.35650529225,0.6067041502916828,0.6323598891835597,0.9175417999918316,False,CCTGCCGGGGCTTCCA,3'-tRF,Cys,GCA,MT,False,,False
tRF-18-3290Q4DZ,46.80266996268181,51.04701046625,0.1252356392024483,0.6323598891835597,0.9175417999918316,False,CCGGATGGAGGCGTGGGT,i-tRF,Leu,CAA,Nuclear,False,,False
tRF-22-S8V0J6OZQ,9.911251593545456,12.58185063725,0.3442049830649423,0.6323598891835597,0.9175417999918316,False,GTCGGTAGAGCATCAGACTTTT,i-tRF,Lys,TTT,Nuclear,False,,False
tRF-18-H7PU4HD2,98.7246667640909,103.881674205625,0.0734586723401813,0.6323598891835597,0.9175417999918316,False,ATCCTGCCGACTACGCCA,3'-tRF,Ser,TGA,Nuclear,False,"NTRK2,NTRK1,BMP1",False
tRF-20-V47P596V,11.55885678781818,10.8221237775625,-0.0950150699186234,0.6323598891835597,0.9175417999918316,False,TAGTGGTTAGGATTCGGCGC,i-tRF,Glu,CTC,Nuclear,False,,False
tRF-20-73V2Y8L9,50.193161181954544,45.823033704375,-0.1314178352431261,0.6323598891835597,0.9175417999918316,False,GTGGTTAGGATTCGGCGCTC,i-tRF,Glu,CTC,Nuclear,False,"NR1D2,SMAD2",False
tRF-20-RXSINHZ4,32.15809197227273,20.8233605368125,-0.6269788960963298,0.6323598891835597,0.9175417999918316,False,GGTTAGTACTCTGCGTTGTG,i-tRF,His,GTG,Nuclear,False,NTRK2,False
tRF-18-HRH7MSD2,15.995487559499995,15.217859707625,-0.0718995005125049,0.6323598891835597,0.9175417999918316,False,ATCCCATCCTCGTCGCCA,3'-tRF,Ser,GCT,Nuclear,True,"SMAD2,NR1D2,COLQ",True
tRF-22-J9ZH0SR9L,54.87508703586364,38.004614675625,-0.5299767157485347,0.6323598891835597,0.9175417999918316,False,CATTCTTGCGACCCGGGTTCGA,i-tRF,Gly,CCC,Nuclear,False,"SMAD2,RORB,CLOCK,IL6R",True
tRF-20-R29P4P9L,110.14943029545456,100.641305688125,-0.1302394887707176,0.6323598891835597,0.9175417999918316,False,GGGGATGTAGCTCAGTGGTA,5'-tRF,Ala,CGC,Nuclear,False,,False
tRF-18-O7M8LO04,87.61865716000001,77.78027093749999,-0.1718338439221849,0.6323598891835597,0.9175417999918316,False,GACCTCGTGGCGCAATGG,5'-tRF,Trp,CCA,Nuclear,False,,False
tRF-22-BE7XO8Q62,190.8038912290909,88.08756077125,-1.115080384392499,0.6323598891835597,0.9175417999918316,False,AAAATGTTTAGACGGGCTCACA,i-tRF,Phe,GAA,MT,True,"SMAD2,RORA,BMPR2,LIFR,BMP5,CLOCK,NR1D2,LHX8,SLC5A7,KLF7,ARNTL2,KLF4,BMPR1B,NTRK2,LIF,IL6ST,BMP3",True
tRF-20-18YKISQI,1396.737676940909,913.33593503125,-0.6128435897360429,0.6323598891835597,0.9175417999918316,False,AGTGGTTAGGATTCGGCGCT,i-tRF,Glu,CTC,Nuclear,False,"BMP2,SMAD2",False
tRF-21-B4ZPEK45B,83.22378886454545,56.451272148125,-0.5599898773546093,0.6323598891835597,0.9175417999918316,False,AAATGTTTAGACGGGCTCACA,i-tRF,Phe,GAA,MT,True,"SMAD2,LHX8,ARNTL2,BMPR2,SLC5A7,RORA,LIFR,NR1D2,LIF,CLOCK,BMPR1A,BMPR1B",True
tRF-21-DWY2MJ8FE,70.43849204045455,54.064188149375,-0.3816907476702509,0.6323598891835597,0.9175417999918316,False,AATGTTTAGACGGGCTCACAT,i-tRF,Phe,GAA,MT,True,"SMAD2,SLC5A7,LHX8,RORA,BMPR2,LIF,LIFR,RORB,BMPR1B,ARNTL2",True
tRF-22-V29K9UV34,69.82370215636365,52.00382119625,-0.425099217607034,0.6323598891835597,0.9175417999918316,False,TAGGATGGGGTGTGATAGGTGG,5'-tRF,Gln,TTG,MT,False,"RORA,BMPR1A,BDNF,SMAD2",True
tRF-18-LY7L73DD,9.99748627381818,11.679566046,0.2243493715315754,0.6323598891835597,0.9175417999918316,False,CGCTGGTGTAGTGGTATC,i-tRF,Gly,CCC,Nuclear,False,"BMP1,BMP4",False
tRF-16-7P596VE,29.426471341954542,25.041832184375004,-0.2327744318794389,0.5985054708086729,0.9175417999918316,False,GTTAGGATTCGGCGCT,i-tRF,Glu,CTC,Nuclear,False,"RORA,BMPR2",False
tRF-23-J9ZH0SR9D7,66.27471575450001,50.498320605625,-0.3922231677728467,0.6323598891835597,0.9175417999918316,False,CATTCTTGCGACCCGGGTTCGAT,i-tRF,Gly,CCC,Nuclear,False,"SMAD2,RORB,CLOCK,IL6R",True
tRF-23-BE7XO8Q6DI,46.553379164545454,33.490535796625,-0.4751324352045643,0.5985054708086729,0.9175417999918316,False,AAAATGTTTAGACGGGCTCACAT,i-tRF,Phe,GAA,MT,True,"SMAD2,RORA,BMPR2,LIFR,BMP5,CLOCK,NR1D2,LHX8,SLC5A7,KLF7,ARNTL2,KLF4,BMPR1B,NTRK2,LIF,IL6ST,BMP3",True
tRF-19-RPM8301Z,12.64792941968182,12.0673247014375,-0.0677953527193815,0.5792927465609501,0.9175417999918316,False,GGTAGCGTGGCCGAGCGGT,5'-tRF,Leu,AAG,Nuclear,False,,False
tRF-18-INVDRID1,3818.614633131818,2868.8120491624995,-0.4125958807126046,0.5985054708086729,0.9175417999918316,False,ATGTTTAGACGGGCTCAC,i-tRF,Phe,GAA,MT,True,"SMAD2,BMPR1A,BMPR2,SLC5A7,RORA,BMPR1B",True
tRF-22-R29P4P9LL,120.82394202590908,141.13384550312497,0.2241576420140418,0.5422355182536961,0.9175417999918316,False,GGGGATGTAGCTCAGTGGTAGA,5'-tRF,Ala,CGC,Nuclear,False,,False
tRF-18-1SS2P4DX,24.66930056818182,18.341621201625,-0.4275956492105024,0.5422355182536961,0.9175417999918316,False,AGTCGGTAGAGCATGGGA,i-tRF,Lys,CTT,Nuclear,False,,False
tRF-18-18YKISD8,22.332092449,16.601263619562502,-0.4278253758874362,0.5422355182536961,0.9175417999918316,False,AGTGGTTAGGATTCGGCG,i-tRF,Glu,CTC,Nuclear,False,"BMP2,SMAD2",False
tRF-18-W3FJIKW,20.61036944563636,21.10105730175,0.0339449235025348,0.5422355182536961,0.9175417999918316,False,TCGGTAGAGCATGGGACT,i-tRF,Lys,CTT,Nuclear,False,,False
tRF-22-OB9ZFH691,270.0588295090909,173.318219249375,-0.6398503987415278,0.5985054708086729,0.9175417999918316,False,GAAAATGTTTAGACGGGCTCAC,i-tRF,Phe,GAA,MT,False,"SMAD2,RORA,CLOCK,BMPR2,BMP5,NR1D2,LHX8,KLF7,LIFR,ARNTL2,BMP2,BMP3,KLF4,LIF,BMPR1A,PCYT1A,RORB",True
tRF-21-NONU3INDD,295.7768996186364,269.77061113975003,-0.1327761919696826,0.5792927465609501,0.9175417999918316,False,CTTAACTTGACCGCTCTGACC,3'-tRF,Val,TAC,MT,False,"LHX6,SMAD2,NR1D2,CNTF",True
tRF-18-V29K9U0H,69.14092569909093,78.48468320375,0.1828712107827153,0.5792927465609501,0.9175417999918316,False,TAGGATGGGGTGTGATAG,5'-tRF,Gln,TTG,MT,False,"RORA,BMPR1A,BDNF,SMAD2",True
tRF-21-PS5P4PW3B,13.434109080636368,13.9821902020625,0.0576897171553456,0.5792927465609501,0.9175417999918316,False,GCCCGGATAGCTCAGTCGGTA,5'-tRF,Lys,TTT,Nuclear,False,,False
tRF-22-73VL4YMYP,34.21597509454545,32.079491766625004,-0.0930187767575727,0.5792927465609501,0.9175417999918316,False,GTGGTTAGTACTCTGCGTTGTG,i-tRF,His,GTG,Nuclear,False,"NR1D2,NTRK2",False
tRF-20-1SS2PMFI,28.348981060636365,25.36124423625,-0.160671355115423,0.5792927465609501,0.9175417999918316,False,AGTCGGTAGAGCATCAGACT,i-tRF,Lys,TTT,Nuclear,False,,False
tRF-22-I7XUK87SI,25.88527077622728,20.6514404925625,-0.325888992828947,0.5792927465609501,0.9175417999918316,False,ATTCTTGCGACCCGGGTTCGAT,i-tRF,Gly,CCC,Nuclear,True,"SMAD2,RORB,BCHE,CLOCK,NTRK2,IL6R",True
tRF-19-Q622EV2R,49.27266786922728,47.438103066875,-0.0547412672970368,0.5422355182536961,0.9175417999918316,False,GCTCACAAGAACTGCTAAC,i-tRF,Ser,GCT,MT,False,SMAD2,False
tRF-22-WD8YQ84V2,12.375826821090907,13.33034335275,0.1071890267897432,0.5792927465609501,0.9175417999918316,False,TCGACTCCTGGCTGGCTCGCCA,3'-tRF,Arg,ACG,Nuclear,False,,False
tRF-19-V29K9U2Y,336.66803807272726,308.57833745000005,-0.1256899772936535,0.5792927465609501,0.9175417999918316,False,TAGGATGGGGTGTGATAGG,5'-tRF,Gln,TTG,MT,False,"BMPR1A,RORA,BDNF,SMAD2",True
tRF-20-9NS334L2,31.686429911363643,26.1854422033125,-0.2751001530802819,0.5985054708086729,0.9175417999918316,False,TGGTTGTAGTCCGTGCGAGA,i-tRF,Glu,TTC,MT,True,"CHAT,RORA",True
tRF-19-7PU9XWK0,25.673994684909086,20.2296752254375,-0.3438346275937975,0.5792927465609501,0.9175417999918316,False,GTTAGTACTCTGCGTTGTG,i-tRF,His,GTG,Nuclear,False,SMAD2,False
tRF-20-UIX1Q7O6,329.8647207636364,390.1384023814375,0.242111524714728,0.5792927465609501,0.9175417999918316,False,TAACTTGACCGCTCTGACCA,3'-tRF,Val,TAC,MT,False,"LHX6,SMAD2,CLOCK",False
tRF-19-DWY2MJJ1,482.0964839072727,331.59300284687504,-0.5399083437728684,0.5792927465609501,0.9175417999918316,False,AATGTTTAGACGGGCTCAC,i-tRF,Phe,GAA,MT,True,"SMAD2,SLC5A7,LHX8,RORA,BMPR2,LIF,RORB,LIFR,BMPR1B,ARNTL2",True
tRF-18-S5S8R6D2,43.86609067422727,45.56646518125,0.0548663180581652,0.5422355182536961,0.9175417999918316,False,GTCACGTCGGGGTCACCA,3'-tRF,Trp,CCA,Nuclear,False,,False
tRF-16-S3M830E,110.47405640409092,106.19014128125,-0.0570577764081834,0.5792927465609501,0.9175417999918316,False,GTAGTCGTGGCCGAGT,5'-tRF,Ser,TGA,Nuclear,False,,False
tRF-18-I363U0W,14.074662884636364,11.435121076875,-0.2996287260720094,0.5792927465609501,0.9175417999918316,False,ATGGTGGAGTTAAAGACT,i-tRF,Pro,TGG,MT,False,"CNTFR,SMAD2",False
tRF-21-RPM830MME,22.019014155954547,15.3362442225625,-0.521804660883233,0.5792927465609501,0.9175417999918316,False,GGTAGCGTGGCCGAGCGGTCT,5'-tRF,Leu,AAG,Nuclear,False,,False
tRF-21-40KK5Y93E,11.851139754545455,11.222095262375,-0.0786837487281664,0.5792927465609501,0.9175417999918316,False,CTAAGCCAGGGATTGTGGGTT,i-tRF,Arg,CCT,Nuclear,False,"NKX2-1,ARNTL2,RORB",False
tRF-20-8B3VMKNR,21.076141469045456,20.4521062965,-0.0433613393051652,0.5792927465609501,0.9175417999918316,False,TCAAACCTGCCGGGGCTTCC,3'-tRF,Cys,GCA,MT,False,"BMPR2,ARNTL2",False
tRF-22-9NS334L2I,34.160384051818184,24.367229169375,-0.4873819851237746,0.6871573448117494,0.9189694611337852,False,TGGTTGTAGTCCGTGCGAGAAT,i-tRF,Glu,TTC,MT,True,"CHAT,RORA",True
tRF-21-9N15WV7W0,38.09610097318181,42.231875089375,0.1486889544513241,0.6871573448117494,0.9189694611337852,False,TGGTTAGTACTCTGCGTTGTG,i-tRF,His,GTG,Nuclear,False,"NR1D2,NTRK2,ARNTL2",False
tRF-21-8BWS7209D,10.50163881490909,10.6713277,0.0231252011358358,0.6871573448117494,0.9189694611337852,False,TCAAATCTCGGTGGAACCTCC,3'-tRF,Gln,CTG,Nuclear,False,"SMAD2,ARNTL2,BMP8B,BMP5,IL6ST",True
tRF-19-5BF9000W,394.8574613954546,378.8046229625,-0.059878014721697,0.6871573448117494,0.9189694611337852,False,GAGAAAGCTCACAAGAACT,5'-half,Ser,GCT,MT,False,"SMAD2,KLF7,BMPR1B,RORA,BMPR1A,BMPR2,CNTF",True
tRF-18-HSRVK7D2,34.489857229500004,32.7641680496875,-0.0740532576179946,0.6871573448117494,0.9189694611337852,False,ATCCGGGTGCCCCCTCCA,3'-tRF,Cys,GCA,Nuclear,False,,False
tRF-16-RPM830E,176.1902756972727,186.715139068125,0.0837046064448552,0.6871573448117494,0.9189694611337852,False,GGTAGCGTGGCCGAGT,5'-tRF,Leu,TAG,Nuclear,False,,False
tRF-20-S998LO9D,62.02204470372728,39.8387934873125,-0.6386071323608782,0.6871573448117494,0.9189694611337852,False,GTCTCTGTGGCGCAATGGAC,5'-tRF,Arg,TCT,Nuclear,False,"BMPR2,SMAD2",False
tRF-16-JMRPFQD,20.008608457681817,16.9332047999375,-0.2407657899802204,0.6871573448117494,0.9189694611337852,False,CAGTCGGTAGAGCATC,i-tRF,Lys,TTT,Nuclear,False,,False
tRF-21-73VL4YMYE,26.13967800672728,16.690455002,-0.6472180850156484,0.6871573448117494,0.9189694611337852,False,GTGGTTAGTACTCTGCGTTGT,i-tRF,His,GTG,Nuclear,False,"NR1D2,NTRK2",False
tRF-21-2YU04DYJB,11.712348832136364,10.8305551175625,-0.1129232377240438,0.668642334675562,0.9189694611337852,False,CACTGTAAAGCTAACTTAGCA,5'-tRF,Lys,TTT,MT,False,"SMAD2,ARNTL,ARNTL2",False
tRF-18-7P596V03,24.239342611909084,26.265997287,0.1158457904222576,0.6871573448117494,0.9189694611337852,False,GTTAGGATTCGGCGCTCT,i-tRF,Glu,CTC,Nuclear,False,"RORA,BMPR2",False
tRF-23-SL73VL4YDN,16.71324763509091,12.658200923750002,-0.4009197250111507,0.6871573448117494,0.9189694611337852,False,GTATAGTGGTTAGTACTCTGCGT,i-tRF,His,GTG,Nuclear,False,,False
tRF-21-R29P4P9L0,85.95950175772727,85.153706241875,-0.0135877972450044,0.668642334675562,0.9189694611337852,False,GGGGATGTAGCTCAGTGGTAG,5'-tRF,Ala,CGC,Nuclear,False,,False
tRF-16-YKISQID,43.944754401,47.98969084875,0.1270335552192385,0.668642334675562,0.9189694611337852,False,TTAGGATTCGGCGCTC,i-tRF,Glu,CTC,Nuclear,False,"RORA,BMPR2",False
tRF-19-S998LOJ4,49.08308358663637,41.6050972910625,-0.2384655950026646,0.668642334675562,0.9189694611337852,False,GTCTCTGTGGCGCAATCGG,5'-tRF,Asn,GTT,Nuclear,False,"BMPR2,SMAD2",False
tRF-16-8Y3DUVD,18.457425279863635,13.7906981909375,-0.4205058191579813,0.668642334675562,0.9189694611337852,False,TCCTGCCGACTACGCC,3'-tRF,Ser,TGA,Nuclear,False,"CNTFR,BMP1",False
tRF-19-MBQ4NK12,40.027097773181815,43.285354179375005,0.1129019496064493,0.668642334675562,0.9189694611337852,False,CGGAAGCGTGCTGGGCCCA,i-tRF,Met,CAT,Nuclear,False,,False
tRF-19-73V2Y81W,35.54620304545455,29.034821545625,-0.2919112961302073,0.668642334675562,0.9189694611337852,False,GTGGTTAGGATTCGGCGCT,i-tRF,Glu,CTC,Nuclear,False,"NR1D2,SMAD2",False
tRF-23-739P8WQ07,35.100626921363634,25.2212511125,-0.4768569552521757,0.668642334675562,0.9189694611337852,False,GTGGTTGTAGTCCGTGCGAGAAT,i-tRF,Glu,TTC,MT,False,"SMAD2,RORA",False
tRF-22-INVDRI2Q2,100.83764128999998,61.21586347125,-0.7200568110911929,0.668642334675562,0.9189694611337852,False,ATGTTTAGACGGGCTCACATCA,i-tRF,Phe,GAA,MT,True,"SMAD2,BMPR1A,BMPR2,SLC5A7,RORA,BMPR1B",True
tRF-16-739P8W0,12.941010452181816,12.959727361125,0.0020850986260008,0.668642334675562,0.9189694611337852,False,GTGGTTGTAGTCCGTG,i-tRF,Glu,TTC,MT,False,"SMAD2,RORA",False
tRF-22-NB8PLML35,29.869522890409087,23.6579805111875,-0.3363472656596933,0.668642334675562,0.9189694611337852,False,CTGAATCCAGCGATCCGAGTTC,i-tRF,Gln,CTG,Nuclear,False,SMAD2,False
tRF-18-5BF900R,118.10984621863636,117.89922217625,-0.0025750395455643,0.668642334675562,0.9189694611337852,False,GAGAAAGCTCACAAGAAC,5'-half,Ser,GCT,MT,False,"SMAD2,KLF7,BMPR1B,RORA,BMPR1A,BMPR2,CNTF",True
tRF-18-YKIR9N05,13.713571385272727,16.124415784937497,0.2336425532853723,0.668642334675562,0.9189694611337852,False,TTAGGATTCCTGGTTTTC,i-tRF,Glu,TTC,Nuclear,False,"RORA,BMPR2",False
tRF-19-ML5F92H3,11.644400113954545,11.1857058593125,-0.0579800193088813,0.668642334675562,0.9189694611337852,False,CGGTAGAGCATGGGACTCT,i-tRF,Lys,CTT,Nuclear,False,SMAD2,False
tRF-19-O6M83OJX,54.92799899445456,65.704330019375,0.2584467135709651,0.668642334675562,0.9189694611337852,False,GACCACGTGGCCTAATGGA,5'-tRF,Arg,TCG,Nuclear,False,,False
tRF-16-R81XDDE,24.142631229954542,20.545183441875,-0.232782707526252,0.7230638735046423,0.9305517676407572,False,GGTGGAGTTAAAGACT,i-tRF,Pro,TGG,MT,False,SMAD2,False
tRF-16-3VLIE1B,23.24116637181818,21.7806380668125,-0.0936362544465705,0.7230638735046423,0.9305517676407572,False,CCTGCCGACTACGCCA,3'-tRF,Ser,TGA,Nuclear,False,,False
tRF-23-YOH9R8B7D2,11.394676614863636,12.4778904719375,0.1310140699878927,0.7230638735046423,0.9305517676407572,False,TTCAAATCTCGGTGGAACCTCCA,3'-tRF,Gln,CTG,Nuclear,False,"SMAD2,BMP5,CNTFR,IL6ST,BMPR2,BMP8B,BMPR1B,NR1D2",True
tRF-18-4RRWRBD2,29.632209141545456,28.57921013075,-0.0522001422337981,0.7230638735046423,0.9305517676407572,False,CTCCCGGTGTGGGAACCA,3'-tRF,Glu,TTC,Nuclear,False,,False
tRF-18-EY0VWUD2,425.2928605727273,511.864695249625,0.2673058664954304,0.7230638735046423,0.9305517676407572,False,ACTTGACCGCTCTGACCA,3'-tRF,Val,TAC,MT,False,"NTRK1,KLF4",False
tRF-20-B4ZPEK45,378.7658331350001,273.51904501,-0.4696649065211318,0.7230638735046423,0.9305517676407572,False,AAATGTTTAGACGGGCTCAC,i-tRF,Phe,GAA,MT,True,"SMAD2,LHX8,ARNTL2,BMPR2,SLC5A7,RORA,LIFR,NR1D2,LIF,CLOCK,BMPR1A,BMPR1B",True
tRF-19-DRFU8U25,34.03732938227272,26.084468342500003,-0.3839268170991978,0.7230638735046423,0.9305517676407572,False,AATCCAGCGATCCGAGTTC,i-tRF,Gln,CTG,Nuclear,False,SMAD2,False
tRF-19-18YKISIM,22.99237592959091,20.9472323168125,-0.1343959170711679,0.7230638735046423,0.9305517676407572,False,AGTGGTTAGGATTCGGCGC,i-tRF,Glu,CTC,Nuclear,False,"BMP2,SMAD2",False
tRF-16-08F4BDD,33.63703945963636,29.654757204250004,-0.1817871734953655,0.7230638735046423,0.9305517676407572,False,ACCGGAGATGAAAACC,i-tRF,Thr,TGT,MT,False,,False
tRF-23-79MP9P9MDD,842.5749360090911,714.6019405625,-0.2376651691459415,0.7230638735046423,0.9305517676407572,False,GTTTCCGTAGTGTAGTGGTCATC,5'-tRF,Val,AAC,Nuclear,False,,False
tRF-23-O045DBNIR,16.003860057954544,14.93340163325,-0.0998770886026467,0.7230638735046423,0.9305517676407572,False,GAAAGCTCACAAGAACTGCTAAC,i-tRF,Ser,GCT,MT,False,"SMAD2,IL6ST,BMPR1A,KLF7,ARNTL2",True
tRF-18-HSQS52D2,39.24956408554546,44.858948942187496,0.192719186870093,0.7230638735046423,0.9305517676407572,False,ATCCGGCTCGGAGGACCA,3'-tRF,Tyr,GTA,Nuclear,False,,False
tRF-21-739P8WQ0B,34.00177184,22.399893162875,-0.6021180761743006,0.7230638735046423,0.9305517676407572,False,GTGGTTGTAGTCCGTGCGAGA,i-tRF,Glu,TTC,MT,False,"SMAD2,RORA",False
tRF-18-PS5P4P0K,78.26614105545455,72.533794406875,-0.1097349924299191,0.7729863059918993,0.9507089192808956,False,GCCCGGATAGCTCAGTCG,5'-tRF,Lys,TTT,Nuclear,False,,False
tRF-20-VMMV5BU6,30.997594364318186,35.655515300625,0.2019689979092804,0.7729863059918993,0.9507089192808956,False,TAGTCCGTGCGAGAATACCA,3'-tRF,Glu,TTC,MT,False,,False
tRF-22-1HPSR9O9J,13.153091363818184,14.2677653974375,0.1173574839197839,0.7729863059918993,0.9507089192808956,False,AGGCGGCCCGGGTTCGACTCCC,i-tRF,Glu,TTC,Nuclear,False,,False
tRF-18-73V2Y8DM,17.80710262559091,19.1439161310625,0.1044331854132671,0.7729863059918993,0.9507089192808956,False,GTGGTTAGGATTCGGCGC,i-tRF,Glu,CTC,Nuclear,False,"NR1D2,SMAD2",False
tRF-22-VF4YO9XEJ,47.42410567,48.761284481875,0.0401155629289,0.7729863059918993,0.9507089192808956,False,TAGCACTCTGGACTCTGAATCC,i-tRF,Gln,CTG,Nuclear,False,"CLOCK,SMAD2",False
tRF-19-PS5P4PJ4,239.5134857881818,191.744089719375,-0.3209247800038879,0.7729863059918993,0.9507089192808956,False,GCCCGGATAGCTCAGTCGG,5'-tRF,Lys,TTT,Nuclear,False,,False
tRF-19-9N1EWJI5,77.71780557181819,67.178209029375,-0.2102518319352837,0.7729863059918993,0.9507089192808956,False,TGGTTAGGATTCGGCGCTC,i-tRF,Glu,CTC,Nuclear,False,"NR1D2,NTRK2",False
tRF-23-79MP9P9NDE,238.99362945818183,266.066541571875,0.1548149371491574,0.7729863059918993,0.9507089192808956,False,GTTTCCGTAGTGTAGTGGTTATT,5'-tRF,Val,CAC,Nuclear,False,,False
tRF-16-EY0VWUD,123.0394514463182,84.765117833625,-0.5375783758364969,0.7729863059918993,0.9507089192808956,False,ACTTGACCGCTCTGAC,3'-tRF,Val,TAC,MT,False,"NTRK1,KLF4",False
tRF-16-945NB2D,15.518553419227272,16.598020422875,0.0970171063469234,0.7729863059918993,0.9507089192808956,False,TGGTGGAGTTAAAGAC,i-tRF,Pro,TGG,MT,True,"SMAD2,CHAT",True
tRF-21-I7XUK87SB,15.939923195772728,11.780985539375,-0.4361844449300678,0.7559658210452358,0.9507089192808956,False,ATTCTTGCGACCCGGGTTCGA,i-tRF,Gly,CCC,Nuclear,True,"SMAD2,RORB,BCHE,CLOCK,NTRK2,IL6R",True
tRF-16-KS8WP9D,32.48042119363636,28.2032911653125,-0.2037068141223299,0.7559658210452358,0.9507089192808956,False,CCCCGTCCGTGCCTCC,3'-tRF,Thr,CGT,Nuclear,False,,False
tRF-16-R29P4PE,329.72241733181824,274.68936534125,-0.2634509197698627,0.7729863059918993,0.9507089192808956,False,GGGGATGTAGCTCAGT,5'-tRF,Ala,CGC,Nuclear,False,,False
tRF-16-RPM830D,1216.1120954818182,1260.8970635875,0.0521742867982943,0.7729863059918993,0.9507089192808956,False,GGTAGCGTGGCCGAGC,5'-tRF,Leu,AAG,Nuclear,False,,False
tRF-23-R29P4P9LDS,104.90044799318184,118.452160755,0.1752836766853986,0.7729863059918993,0.9507089192808956,False,GGGGATGTAGCTCAGTGGTAGAG,5'-tRF,Ala,CGC,Nuclear,False,,False
tRF-20-1SS2P46I,47.84267824409091,48.9163795625,0.0320194757425777,0.7559658210452358,0.9507089192808956,False,AGTCGGTAGAGCATGGGACT,i-tRF,Lys,CTT,Nuclear,False,,False
tRF-20-W47W1R7H,71.05968175181818,71.994343604375,0.0188523350412497,0.8058476589714316,0.9644106754267268,False,TCGTGGTTGTAGTCCGTGCG,i-tRF,Glu,TTC,MT,False,,False
tRF-18-8R6546D2,59.48457821722727,48.302026094375,-0.3004319822220935,0.8058476589714316,0.9644106754267268,False,TCCCCGGCACCTCCACCA,3'-tRF,Ala,AGC,Nuclear,False,,False
tRF-19-S3M830JZ,20.974077464454545,20.381459983062506,-0.0413499561222678,0.8058476589714316,0.9644106754267268,False,GTAGTCGTGGCCGAGTGGT,5'-tRF,Ser,TGA,Nuclear,False,,False
tRF-20-S3M8309N,73.77141195909093,58.474218670625,-0.3352611691065252,0.8058476589714316,0.9644106754267268,False,GTAGTCGTGGCCGAGTGGTT,5'-tRF,Ser,TGA,Nuclear,False,,False
tRF-16-UMX0SW0,111.42902635545455,106.926957365625,-0.0594994750616191,0.8058476589714316,0.9644106754267268,False,TAATCTGAAGGTCGTG,i-tRF,Met,CAT,Nuclear,False,"CNTFR,SMAD2,BMP6,LIF,BMP5",True
tRF-22-S3M8309NF,99.08746960136364,104.2142366275,0.0727778427539744,0.8058476589714316,0.9644106754267268,False,GTAGTCGTGGCCGAGTGGTTAA,5'-tRF,Ser,TGA,Nuclear,False,,False
tRF-16-12Z4R90,64.54965082,62.156906891875,-0.0544945784860404,0.8058476589714316,0.9644106754267268,False,AGGGATTGTGGGTTCG,i-tRF,Arg,CCT,Nuclear,False,,False
tRF-23-87R718YKDE,111.69628656363636,113.787344135,0.0267588814730128,0.8058476589714316,0.9644106754267268,False,TCCCTGGTCTAGTGGTTAGGATT,5'-tRF,Glu,TTC,Nuclear,False,,False
tRF-20-V29K9UV3,200.6600687036364,187.56949468625,-0.0973283347463018,0.8058476589714316,0.9644106754267268,False,TAGGATGGGGTGTGATAGGT,5'-tRF,Gln,TTG,MT,False,"BMPR1A,RORA,BDNF,SMAD2",True
tRF-23-Q99P9P9NDD,433.93604300909095,347.4710611,-0.3205895933903786,0.8058476589714316,0.9644106754267268,False,GCTTCTGTAGTGTAGTGGTTATC,5'-tRF,Val,CAC,Nuclear,False,"SMAD2,BMPR2,ARNTL,PCYT1A,KLF7",True
tRF-23-DRFU8U767,62.151964057454535,57.2551345425,-0.1183949050132522,0.8596331323210069,0.9687236313465154,False,AATCCAGCGATCCGAGTTCAAAT,i-tRF,Gln,CTG,Nuclear,False,SMAD2,False
tRF-20-6998NPZJ,23.1822616415,17.356638147375,-0.417533785830475,0.8596331323210069,0.9687236313465154,False,GGCTCTGTGGCTTAGTTGGC,5'-tRF,Thr,CGT,Nuclear,False,,False
tRF-20-2YU04DYJ,54.27878088272728,54.47540500625,0.0052166995631077,0.8596331323210069,0.9687236313465154,False,CACTGTAAAGCTAACTTAGC,5'-tRF,Lys,TTT,MT,False,"SMAD2,ARNTL,ARNTL2",False
tRF-20-DWY2MJ8F,170.4117917681818,89.22862232687501,-0.933446697101494,0.8596331323210069,0.9687236313465154,False,AATGTTTAGACGGGCTCACA,i-tRF,Phe,GAA,MT,True,"SMAD2,SLC5A7,LHX8,RORA,BMPR2,LIF,LIFR,RORB,BMPR1B,ARNTL2",True
tRF-22-PS5P4PW3H,79.85963685045454,82.468497315625,0.0463766084626122,0.8596331323210069,0.9687236313465154,False,GCCCGGATAGCTCAGTCGGTAG,5'-tRF,Lys,TTT,Nuclear,False,,False
tRF-18-S3M83004,177.96038895045456,144.4009031625,-0.3014763911260329,0.8596331323210069,0.9687236313465154,False,GTAGTCGTGGCCGAGTGG,5'-tRF,Ser,TGA,Nuclear,False,,False
tRF-18-40KK5Y04,37.243497645909095,31.273355908125,-0.2520545254464315,0.8596331323210069,0.9687236313465154,False,CTAAGCCAGGGATTGTGG,i-tRF,Arg,CCT,Nuclear,False,"ARNTL2,NKX2-1,RORB",False
tRF-23-7O58J0K80F,16.452253688545454,15.8714793271875,-0.0518486198325298,0.8596331323210069,0.9687236313465154,False,GTTAAGATGGCAGAGCCCGGTAA,5'-tRF,Leu,TAA,MT,False,"SMAD2,IL6ST,BMPR2",False
tRF-23-WPMN1E8Y0E,28.987150087,20.879339990625,-0.4733373916412624,0.8596331323210069,0.9687236313465154,False,TCTAGCGGTTAGGATTCCTGGTT,i-tRF,Glu,TTC,Nuclear,False,,False
tRF-16-9NS334D,15.93657687645455,16.9018736796875,0.0848414107272894,0.8596331323210069,0.9687236313465154,False,TGGTTGTAGTCCGTGC,i-tRF,Glu,TTC,MT,True,"CHAT,RORA",True
tRF-21-WR645J7KE,335.47082140254537,282.947600079375,-0.2456523883408081,0.8596331323210069,0.9687236313465154,False,TCTCCGGATGGAGGCGTGGGT,i-tRF,Leu,CAA,Nuclear,False,,False
tRF-21-9NS334L2B,15.624404802136365,13.6928298945625,-0.1903805937100142,0.8596331323210069,0.9687236313465154,False,TGGTTGTAGTCCGTGCGAGAA,i-tRF,Glu,TTC,MT,True,"CHAT,RORA",True
tRF-22-Q3V2Y7RZ5,15.651944054818186,16.102897309812498,0.0409784295476498,0.8320403953809761,0.9687236313465154,False,GCGGTTAGGATTCCTGGTTTTC,i-tRF,Glu,TTC,Nuclear,False,,False
tRF-19-B4ZPEKH2,31.552928330409088,19.9855903360625,-0.6588137156826237,0.8320403953809761,0.9687236313465154,False,AAATGTTTAGACGGGCTCA,i-tRF,Phe,GAA,MT,True,"SMAD2,LHX8,ARNTL2,BMPR2,SLC5A7,RORA,LIFR,NR1D2,LIF,CLOCK,BMPR1A,BMPR1B",True
tRF-21-18YKISQID,104.88196018,96.66549359125,-0.1176936620873236,0.8320403953809761,0.9687236313465154,False,AGTGGTTAGGATTCGGCGCTC,i-tRF,Glu,CTC,Nuclear,False,"BMP2,SMAD2",False
tRF-20-MEF91SS2,11.030894675727271,10.0394655600625,-0.1358673363750608,0.8320403953809761,0.9687236313465154,False,CGGATAGCTCAGTCGGTAGA,i-tRF,Lys,TTT,Nuclear,False,,False
tRF-21-9DH48V7KE,15.338217139727275,13.1197423526875,-0.2253914104123238,0.8320403953809761,0.9687236313465154,False,TGGACATATGTCCGCGTGGGT,i-tRF,Leu,TAA,Nuclear,False,"BMPR1A,RORB",False
tRF-16-RX6NMHD,11.04729655959091,12.468774565125,0.1746263201065159,0.8596331323210069,0.9687236313465154,False,GGTTAGGATTCGGCGC,i-tRF,Glu,CTC,Nuclear,False,,False
tRF-22-83ML5F923,26.286867376909093,28.00386308575,0.0912836329570945,0.8320403953809761,0.9687236313465154,False,TCAGTCGGTAGAGCATGGGACT,i-tRF,Lys,CTT,Nuclear,False,,False
tRF-20-Q1Q89P9L,23.26530098286364,23.253762575,-0.0007156809648707,0.8320403953809761,0.9687236313465154,False,GCGCCGCTGGTGTAGTGGTA,5'-tRF,Gly,CCC,Nuclear,False,,False
tRF-23-Y2PPEVNK0Q,58.99119411363636,72.26524029125001,0.2928022623076911,0.8320403953809761,0.9687236313465154,False,TTAGAGCCAGACTGCCTGGGTTT,i-tRF,Sup,TTA,Nuclear,False,BMPR2,False
tRF-20-I7XUK87S,12.274261913045455,9.1884851471875,-0.4177373363331682,0.8320403953809761,0.9687236313465154,False,ATTCTTGCGACCCGGGTTCG,i-tRF,Gly,CCC,Nuclear,False,,False
tRF-16-V2Y8L9E,33.25832327909091,28.000402889625,-0.2482678510403779,0.8320403953809761,0.9687236313465154,False,TAGGATTCGGCGCTCT,i-tRF,Glu,CTC,Nuclear,False,"RORA,BMPR2",False
tRF-18-739P8WD8,92.77032541895454,104.264673571875,0.1685151267641975,0.8973022189756177,0.9717126468906688,False,GTGGTTGTAGTCCGTGCG,i-tRF,Glu,TTC,MT,False,"SMAD2,RORA",False
tRF-22-739P8WQ0F,24.81536617940909,18.29772541525,-0.4395694247567334,0.8973022189756177,0.9717126468906688,False,GTGGTTGTAGTCCGTGCGAGAA,i-tRF,Glu,TTC,MT,False,"SMAD2,RORA",False
tRF-19-1SS2P4IR,35.72098808913636,30.909356719,-0.2087283584873107,0.8973022189756177,0.9717126468906688,False,AGTCGGTAGAGCATGGGAC,i-tRF,Lys,CTT,Nuclear,False,,False
tRF-19-RX6NMHH3,26.58645133118182,25.609831298,-0.0539934746651873,0.8973022189756177,0.9717126468906688,False,GGTTAGGATTCGGCGCTCT,i-tRF,Glu,CTC,Nuclear,False,,False
tRF-20-Q89P9L84,19.760417550181817,22.039635544875,0.1574869348885128,0.8973022189756177,0.9717126468906688,False,GCTGGTGTAGTGGTATCATG,i-tRF,Gly,CCC,Nuclear,False,"BMPER,BMP1,SMAD2",False
tRF-16-W9RKM80,11.29913499281818,10.907655952375,-0.0508712302901686,0.8973022189756177,0.9717126468906688,False,TCTTCGGGGGCGTGGG,i-tRF,Leu,AAG,Nuclear,False,,False
tRF-19-VMMV5B2V,20.266219033318176,18.6448240855,-0.1203017722397605,0.8973022189756177,0.9717126468906688,False,TAGTCCGTGCGAGAATACC,3'-tRF,Glu,TTC,MT,False,,False
tRF-16-ME6KM80,18.931701603681816,17.972240936062498,-0.0750337801128475,0.8853585654055091,0.9717126468906688,False,CGGATGGAGGCGTGGG,i-tRF,Leu,CAA,Nuclear,False,SMAD2,False
tRF-19-S998LOJX,96.48200132818182,85.6725887555,-0.1714261505610297,0.8853585654055091,0.9717126468906688,False,GTCTCTGTGGCGCAATGGA,5'-tRF,Arg,TCT,Nuclear,False,"BMPR2,SMAD2",False
tRF-21-WB8US565D,83.75169945045455,68.98591096375,-0.2798167157971258,0.8853585654055091,0.9717126468906688,False,TCGAATCCGAGTCACGGCACC,3'-tRF,His,GTG,Nuclear,False,NR1D2,False
tRF-23-W47W1R7HX,35.14878543545454,21.842059216125,-0.6863659614601598,0.8853585654055091,0.9717126468906688,False,TCGTGGTTGTAGTCCGTGCGAGA,i-tRF,Glu,TTC,MT,False,,False
tRF-19-BZOS4YE2,334.70215299999995,339.9928148649375,0.0226264266143747,0.8853585654055091,0.9717126468906688,False,AACTTGACCGCTCTGACCA,3'-tRF,Val,TAC,MT,False,"LHX6,BDNF,SMAD2",False
tRF-20-PS5P4PW3,9.939557417909093,10.056713766125,0.0169054335228135,0.8853585654055091,0.9717126468906688,False,GCCCGGATAGCTCAGTCGGT,5'-tRF,Lys,TTT,Nuclear,False,,False
tRF-18-JB5Y130K,13.76461974140909,15.085872829,0.1322334145636157,0.8853585654055091,0.9717126468906688,False,CAGAAGATTGAGGGTTCG,i-tRF,Arg,TCG,Nuclear,False,"SMAD2,IL6ST",False
tRF-16-MBQ4NKD,261.1849356740909,197.28767518,-0.4047708573460067,0.8853585654055091,0.9717126468906688,False,CGGAAGCGTGCTGGGC,i-tRF,Met,CAT,Nuclear,False,,False
tRF-21-V29K9UV30,649.6667185772727,571.9677778062501,-0.1837659259516701,0.8853585654055091,0.9717126468906688,False,TAGGATGGGGTGTGATAGGTG,5'-tRF,Gln,TTG,MT,False,"RORA,BMPR1A,BDNF,SMAD2",True
tRF-16-YUYRRH0,17.947407426181822,16.485549507625,-0.1225734793992643,0.9194017269380468,0.9789313351570568,False,TTCGATTCCCGGGCGG,i-tRF,Gly,CCC,Nuclear,False,NR1D1,False
tRF-18-BZOS4YV,365.6112573095455,302.3850864606875,-0.2739235041698329,0.9194017269380468,0.9789313351570568,False,AACTTGACCGCTCTGACC,3'-tRF,Val,TAC,MT,False,"BDNF,LHX6,SMAD2",False
tRF-23-YU8R6Q46D2,21.08909747018182,18.9713825345625,-0.1526725362149079,0.9194017269380468,0.9789313351570568,False,TTCGATCCCCGGCATCTCCACCA,3'-tRF,Ala,CGC,Nuclear,False,,False
tRF-22-79MP9P9MI,27.654775080454545,28.890819711875,0.0630825292097316,0.9194017269380468,0.9789313351570568,False,GTTTCCGTAGTGTAGTGGTCAT,5'-tRF,Val,AAC,Nuclear,False,,False
tRF-22-7O58J0K8O,77.9248957909091,63.35405306125,-0.2986474021252432,0.9194017269380468,0.9789313351570568,False,GTTAAGATGGCAGAGCCCGGTA,5'-tRF,Leu,TAA,MT,False,"SMAD2,IL6ST,BMPR2",False
tRF-22-N6B7P86ZJ,30.365417840136363,30.028782748187503,-0.0160832266275106,0.9194017269380468,0.9789313351570568,False,CTTCAAACCTGCCGGGGCTTCC,3'-tRF,Cys,GCA,MT,False,"SMAD2,RORB,BMP2,GBX2,NR1D2,CLOCK,BMPR2,BMP2K",True
tRF-20-40KK5Y93,13.49010432986364,14.5428068750625,0.1084042416644042,0.9194017269380468,0.9789313351570568,False,CTAAGCCAGGGATTGTGGGT,i-tRF,Arg,CCT,Nuclear,False,"NKX2-1,ARNTL2,RORB",False
tRF-16-489B3RB,242.03005914136364,273.1279570775,0.1743907589019171,0.961497178888618,0.990498253889899,False,CTCGGTGGAACCTCCA,3'-tRF,Gln,CTG,Nuclear,False,NTRK1,False
tRF-21-WE884U1DD,19.98183048,17.1369315976875,-0.2215799353658303,0.961497178888618,0.990498253889899,False,TCGATTCCGGCTCGAAGGACC,3'-tRF,Tyr,GTA,Nuclear,False,,False
tRF-23-BZBZOS4YV,268.1950257995455,240.88989144562493,-0.1549086254094209,0.961497178888618,0.990498253889899,False,AACTTAACTTGACCGCTCTGACC,3'-tRF,Val,TAC,MT,False,"NR1D2,LIFR,SMAD2,RORB",True
tRF-19-UIX1Q7HV,410.5775254759091,366.2377082750001,-0.1648743178022034,0.961497178888618,0.990498253889899,False,TAACTTGACCGCTCTGACC,3'-tRF,Val,TAC,MT,False,"LHX6,SMAD2,CLOCK",False
tRF-22-WB8HWKS52,21.243938147590907,23.350654598125,0.1364117600453669,0.961497178888618,0.990498253889899,False,TCGAATCACGTCGGGGTCACCA,3'-tRF,Trp,CCA,Nuclear,False,,False
tRF-23-V47P596V03,18.38253254277273,15.929040951875,-0.2066761305641677,0.961497178888618,0.990498253889899,False,tRF-21-V47P596VE ,i-tRF,Glu,CTC,Nuclear,False,"BMP2,SMAD2",False
tRF-23-9NS334L2DB,120.00223635727274,93.344657339375,-0.3624219360432006,0.961497178888618,0.990498253889899,False,TGGTTGTAGTCCGTGCGAGAATA,i-tRF,Glu,TTC,MT,True,"CHAT,RORA",True
tRF-21-LMK8J7K1B,14.763175122045457,12.940762046625,-0.19008045951781,0.946779395959944,0.990498253889899,False,CGATCCCCGGCATCTCCACCA,3'-tRF,Ala,CGC,Nuclear,False,,False
tRF-23-76DRR4KR0J,57.98820455818182,59.81963926,0.0448597404037807,0.946779395959944,0.990498253889899,False,GTTCAAATCCGGGTGCCCCCTCC,3'-tRF,Cys,GCA,Nuclear,False,"SMAD2,CNTFR,RORB,BMPR2,BMP5,KLF7,NR1D2,CLOCK",True
tRF-18-R29P4P04,1525.9472518863636,1297.43292605625,-0.234045135848147,0.946779395959944,0.990498253889899,False,GGGGATGTAGCTCAGTGG,5'-tRF,Ala,CGC,Nuclear,False,,False
tRF-18-BS68BFD2,308.72063078636364,344.47915395,0.158114784576151,0.946779395959944,0.990498253889899,False,AACCGGGCGGAAACACCA,3'-tRF,Val,AAC,Nuclear,False,,False
tRF-21-43RX6NMHD,11.932541066954547,12.0975746763125,0.0198165431898829,0.9383473220567008,0.990498253889899,False,CTAGTGGTTAGGATTCGGCGC,i-tRF,Glu,CTC,Nuclear,False,ARNTL2,False
tRF-18-0RSSX7D2,20.15897524568182,14.8458112605,-0.4413663706129926,0.9383473220567008,0.990498253889899,False,ACCCCGTCCGTGCCTCCA,3'-tRF,Thr,CGT,Nuclear,False,,False
tRF-22-V47P596V5,37.22541163009091,35.6389833439375,-0.0628316195052063,0.946779395959944,0.990498253889899,False,TAGTGGTTAGGATTCGGCGCTC,i-tRF,Glu,CTC,Nuclear,False,"BMP2,SMAD2",False
tRF-23-43RX6NMHD5,33.692552142636366,32.210359618687505,-0.0649049457744741,0.9824746679351284,0.9936645844264168,False,CTAGTGGTTAGGATTCGGCGCTC,i-tRF,Glu,CTC,Nuclear,False,ARNTL2,False
tRF-18-W9RKM80E,48.10117077999999,44.986034368750005,-0.0965948141929127,0.9824746679351284,0.9936645844264168,False,TCTTCGGGGGCGTGGGTT,i-tRF,Leu,AAG,Nuclear,False,,False
tRF-18-YRRHQFD2,40.43338996945455,40.05064661312501,-0.0137216304782104,0.9824746679351284,0.9936645844264168,False,TTCCCGGGCGGCGCACCA,3'-tRF,Gly,CCC,Nuclear,False,,False
tRF-18-HRF8X7D2,76.46977852745454,67.85008367875,-0.1725391008344639,0.9824746679351284,0.9936645844264168,False,ATCCCAGCGGTGCCTCCA,3'-tRF,Thr,AGT,Nuclear,False,"SMAD2,BMPR1A,ARNTL2",False
tRF-19-UJJKIWIZ,13.092173096363638,14.3849545568125,0.1358560814836171,0.9732201469082354,0.9936645844264168,False,TAAGCCAGGGATTGTGGGT,i-tRF,Arg,CCT,Nuclear,False,"SMAD2,RORB,NKX2-1,GBX2,ARNTL2,NPAS2",True
tRF-18-MBQ4NKDJ,137.88214465636364,131.244752371875,-0.0711759041676876,0.9732201469082354,0.9936645844264168,False,CGGAAGCGTGCTGGGCCC,i-tRF,Met,CAT,Nuclear,False,,False
tRF-18-ML5F92D5,9.703404266136364,9.415507442,-0.0434521299565022,0.9732201469082354,0.9936645844264168,False,CGGTAGAGCATGGGACTC,i-tRF,Lys,CTT,Nuclear,False,,False
tRF-16-YSQSD2D,40.7333107965,40.101453835,-0.0225545401295041,0.9824746679351284,0.9936645844264168,False,TTCCGGCTCGAAGGAC,3'-tRF,Tyr,GTA,Nuclear,False,,False
tRF-16-9N1EWJ0,39.736056013727264,36.97104406825,-0.104052899535687,0.98886238157424,0.9978520395885514,False,TGGTTAGGATTCGGCG,i-tRF,Glu,CTC,Nuclear,False,"NR1D2,NTRK2,SMAD2,ARNTL2",True
tRF-22-UE02K0F75,31.41224044740908,22.141104410625,-0.5045996591293607,0.9986888474133916,0.9999850819972368,False,TAAATACAGACCAAGAGCCTTC,i-tRF,Trp,TCA,MT,False,"BMP2,CNTFR,SMAD2,LIFR,RORA,IL6,BMPR1B,BDNF,KLF7,BMP3,BMPR2,LIF,KLF16,LHX8,BMPR1A,BMP2K,CLOCK,KLF4,BMP5,NR1D2,RORB,STAT1,IL6ST",True
tRF-22-V47PU9XWP,18.74585965463636,17.582872202375,-0.0924012295260041,0.9961552485921632,0.9999850819972368,False,TAGTGGTTAGTACTCTGCGTTG,i-tRF,His,GTG,Nuclear,False,"BMP2,SMAD2",False
tRF-19-PRR83OJX,27.00345368186364,27.42013304625,0.0220916347142141,0.9980711489514064,0.9999850819972368,False,GCCCCGGTGGCCTAATGGA,5'-tRF,Arg,CCT,Nuclear,False,,False
tRF-22-18YKISQI3,101.72954120500002,88.574937246875,-0.1997682403880789,0.9999850819972368,0.9999850819972368,False,AGTGGTTAGGATTCGGCGCTCT,i-tRF,Glu,CTC,Nuclear,False,"BMP2,SMAD2",False
